DATAFLOW,MEASURE,VALUE,SECTOR,WORK_TYPE,BUILDING_TYPE,TSEST,REGION,FREQ,TIME_PERIOD,OBS_VALUE,UNIT_MEASURE,UNIT_MULT,OBS_STATUS,OBS_COMMENT
ABS:BA_GCCSA(1.0.0),1,1,9,1,TOT,10,AUS,M,1996-08,11209,NUM,0,,
ABS:BA_GCCSA(1.0.0),1,1,9,1,TOT,10,AUS,M,1996-09,10018,NUM,0,,
ABS:BA_GCCSA(1.0.0),1,1,9,1,TOT,10,AUS,M,1996-10,11611,NUM,0,,
ABS:BA_GCCSA(1.0.0),1,1,9,1,TOT,10,AUS,M,1996-11,10818,NUM,0,,
ABS:BA_GCCSA(1.0.0),1,1,9,1,TOT,10,AUS,M,1996-12,9665,NUM,0,,
ABS:BA_GCCSA(1.0.0),1,1,9,1,TOT,10,AUS,M,1997-01,9898,NUM,0,,
ABS:BA_GCCSA(1.0.0),1,1,9,1,TOT,10,AUS,M,1997-02,10813,NUM,0,,
ABS:BA_GCCSA(1.0.0),1,1,9,1,TOT,10,AUS,M,1997-03,10805,NUM,0,,
ABS:BA_GCCSA(1.0.0),1,1,9,1,TOT,10,AUS,M,1997-04,12243,NUM,0,,
ABS:BA_GCCSA(1.0.0),1,1,9,1,TOT,10,AUS,M,1997-05,13396,NUM,0,,
ABS:BA_GCCSA(1.0.0),1,1,9,1,TOT,10,AUS,M,1997-06,10901,NUM,0,,
ABS:BA_GCCSA(1.0.0),1,1,9,1,TOT,10,AUS,M,1997-07,12648,NUM,0,,
ABS:BA_GCCSA(1.0.0),1,1,9,1,TOT,10,AUS,M,1997-08,12971,NUM,0,,
ABS:BA_GCCSA(1.0.0),1,1,9,1,TOT,10,AUS,M,1997-09,12909,NUM,0,,
ABS:BA_GCCSA(1.0.0),1,1,9,1,TOT,10,AUS,M,1997-10,12487,NUM,0,,
ABS:BA_GCCSA(1.0.0),1,1,9,1,TOT,10,AUS,M,1997-11,12871,NUM,0,,
ABS:BA_GCCSA(1.0.0),1,1,9,1,TOT,10,AUS,M,1997-12,12327,NUM,0,,
ABS:BA_GCCSA(1.0.0),1,1,9,1,TOT,10,AUS,M,1998-01,10773,NUM,0,,
ABS:BA_GCCSA(1.0.0),1,1,9,1,TOT,10,AUS,M,1998-02,11236,NUM,0,,
ABS:BA_GCCSA(1.0.0),1,1,9,1,TOT,10,AUS,M,1998-03,13711,NUM,0,,
ABS:BA_GCCSA(1.0.0),1,1,9,1,TOT,10,AUS,M,1998-04,13640,NUM,0,,
ABS:BA_GCCSA(1.0.0),1,1,9,1,TOT,10,AUS,M,1998-05,13458,NUM,0,,
ABS:BA_GCCSA(1.0.0),1,1,9,1,TOT,10,AUS,M,1998-06,14018,NUM,0,,
ABS:BA_GCCSA(1.0.0),1,1,9,1,TOT,10,AUS,M,1998-07,14124,NUM,0,,
ABS:BA_GCCSA(1.0.0),1,1,9,1,TOT,10,AUS,M,1998-08,12284,NUM,0,,
ABS:BA_GCCSA(1.0.0),1,1,9,1,TOT,10,AUS,M,1998-09,12741,NUM,0,,
ABS:BA_GCCSA(1.0.0),1,1,9,1,TOT,10,AUS,M,1998-10,12356,NUM,0,,
ABS:BA_GCCSA(1.0.0),1,1,9,1,TOT,10,AUS,M,1998-11,13179,NUM,0,,
ABS:BA_GCCSA(1.0.0),1,1,9,1,TOT,10,AUS,M,1998-12,12466,NUM,0,,
ABS:BA_GCCSA(1.0.0),1,1,9,1,TOT,10,AUS,M,1999-01,9964,NUM,0,,
ABS:BA_GCCSA(1.0.0),1,1,9,1,TOT,10,AUS,M,1999-02,12545,NUM,0,,
ABS:BA_GCCSA(1.0.0),1,1,9,1,TOT,10,AUS,M,1999-03,13619,NUM,0,,
ABS:BA_GCCSA(1.0.0),1,1,9,1,TOT,10,AUS,M,1999-04,12276,NUM,0,,
ABS:BA_GCCSA(1.0.0),1,1,9,1,TOT,10,AUS,M,1999-05,13730,NUM,0,,
ABS:BA_GCCSA(1.0.0),1,1,9,1,TOT,10,AUS,M,1999-06,14408,NUM,0,,
ABS:BA_GCCSA(1.0.0),1,1,9,1,TOT,10,AUS,M,1999-07,14715,NUM,0,,
ABS:BA_GCCSA(1.0.0),1,1,9,1,TOT,10,AUS,M,1999-08,15358,NUM,0,,
ABS:BA_GCCSA(1.0.0),1,1,9,1,TOT,10,AUS,M,1999-09,15256,NUM,0,,
ABS:BA_GCCSA(1.0.0),1,1,9,1,TOT,10,AUS,M,1999-10,14439,NUM,0,,
ABS:BA_GCCSA(1.0.0),1,1,9,1,TOT,10,AUS,M,1999-11,16254,NUM,0,,
ABS:BA_GCCSA(1.0.0),1,1,9,1,TOT,10,AUS,M,1999-12,15023,NUM,0,,
ABS:BA_GCCSA(1.0.0),1,1,9,1,TOT,10,AUS,M,2000-01,13455,NUM,0,,
ABS:BA_GCCSA(1.0.0),1,1,9,1,TOT,10,AUS,M,2000-02,16477,NUM,0,,
ABS:BA_GCCSA(1.0.0),1,1,9,1,TOT,10,AUS,M,2000-03,15515,NUM,0,,
ABS:BA_GCCSA(1.0.0),1,1,9,1,TOT,10,AUS,M,2000-04,11887,NUM,0,,
ABS:BA_GCCSA(1.0.0),1,1,9,1,TOT,10,AUS,M,2000-05,14434,NUM,0,,
ABS:BA_GCCSA(1.0.0),1,1,9,1,TOT,10,AUS,M,2000-06,11129,NUM,0,,
ABS:BA_GCCSA(1.0.0),1,1,9,1,TOT,10,AUS,M,2000-07,8807,NUM,0,,
ABS:BA_GCCSA(1.0.0),1,1,9,1,TOT,10,AUS,M,2000-08,9644,NUM,0,,
ABS:BA_GCCSA(1.0.0),1,1,9,1,TOT,10,AUS,M,2000-09,8913,NUM,0,,
ABS:BA_GCCSA(1.0.0),1,1,9,1,TOT,10,AUS,M,2000-10,9406,NUM,0,,
ABS:BA_GCCSA(1.0.0),1,1,9,1,TOT,10,AUS,M,2000-11,11084,NUM,0,,
ABS:BA_GCCSA(1.0.0),1,1,9,1,TOT,10,AUS,M,2000-12,8779,NUM,0,,
ABS:BA_GCCSA(1.0.0),1,1,9,1,TOT,10,AUS,M,2001-01,8776,NUM,0,,
ABS:BA_GCCSA(1.0.0),1,1,9,1,TOT,10,AUS,M,2001-02,8830,NUM,0,,
ABS:BA_GCCSA(1.0.0),1,1,9,1,TOT,10,AUS,M,2001-03,9594,NUM,0,,
ABS:BA_GCCSA(1.0.0),1,1,9,1,TOT,10,AUS,M,2001-04,9076,NUM,0,,
ABS:BA_GCCSA(1.0.0),1,1,9,1,TOT,10,AUS,M,2001-05,13346,NUM,0,,
ABS:BA_GCCSA(1.0.0),1,1,9,1,TOT,10,AUS,M,2001-06,11963,NUM,0,,
ABS:BA_GCCSA(1.0.0),1,1,9,1,TOT,10,AUS,M,1993-07,15833,NUM,0,,
ABS:BA_GCCSA(1.0.0),1,1,9,1,TOT,10,AUS,M,1993-08,15396,NUM,0,,
ABS:BA_GCCSA(1.0.0),1,1,9,1,TOT,10,AUS,M,1993-09,15909,NUM,0,,
ABS:BA_GCCSA(1.0.0),1,1,9,1,TOT,10,AUS,M,1993-10,14658,NUM,0,,
ABS:BA_GCCSA(1.0.0),1,1,9,1,TOT,10,AUS,M,1993-11,16171,NUM,0,,
ABS:BA_GCCSA(1.0.0),1,1,9,1,TOT,10,AUS,M,1993-12,13746,NUM,0,,
ABS:BA_GCCSA(1.0.0),1,1,9,1,TOT,10,AUS,M,1994-01,12780,NUM,0,,
ABS:BA_GCCSA(1.0.0),1,1,9,1,TOT,10,AUS,M,1994-02,13901,NUM,0,,
ABS:BA_GCCSA(1.0.0),1,1,9,1,TOT,10,AUS,M,1994-03,16542,NUM,0,,
ABS:BA_GCCSA(1.0.0),1,1,9,1,TOT,10,AUS,M,1994-04,13892,NUM,0,,
ABS:BA_GCCSA(1.0.0),1,1,9,1,TOT,10,AUS,M,1994-05,18668,NUM,0,,
ABS:BA_GCCSA(1.0.0),1,1,9,1,TOT,10,AUS,M,1994-06,17494,NUM,0,,
ABS:BA_GCCSA(1.0.0),1,1,9,1,TOT,10,AUS,M,1994-07,15329,NUM,0,,
ABS:BA_GCCSA(1.0.0),1,1,9,1,TOT,10,AUS,M,1994-08,18745,NUM,0,,
ABS:BA_GCCSA(1.0.0),1,1,9,1,TOT,10,AUS,M,1994-09,17457,NUM,0,,
ABS:BA_GCCSA(1.0.0),1,1,9,1,TOT,10,AUS,M,1994-10,15032,NUM,0,,
ABS:BA_GCCSA(1.0.0),1,1,9,1,TOT,10,AUS,M,1994-11,15693,NUM,0,,
ABS:BA_GCCSA(1.0.0),1,1,9,1,TOT,10,AUS,M,1994-12,12841,NUM,0,,
ABS:BA_GCCSA(1.0.0),1,1,9,1,TOT,10,AUS,M,1995-01,11198,NUM,0,,
ABS:BA_GCCSA(1.0.0),1,1,9,1,TOT,10,AUS,M,1995-02,11919,NUM,0,,
ABS:BA_GCCSA(1.0.0),1,1,9,1,TOT,10,AUS,M,1995-03,13113,NUM,0,,
ABS:BA_GCCSA(1.0.0),1,1,9,1,TOT,10,AUS,M,1995-04,10291,NUM,0,,
ABS:BA_GCCSA(1.0.0),1,1,9,1,TOT,10,AUS,M,1995-05,13788,NUM,0,,
ABS:BA_GCCSA(1.0.0),1,1,9,1,TOT,10,AUS,M,1995-06,12066,NUM,0,,
ABS:BA_GCCSA(1.0.0),1,1,9,1,TOT,10,AUS,M,1995-07,11319,NUM,0,,
ABS:BA_GCCSA(1.0.0),1,1,9,1,TOT,10,AUS,M,1995-08,11585,NUM,0,,
ABS:BA_GCCSA(1.0.0),1,1,9,1,TOT,10,AUS,M,1995-09,10970,NUM,0,,
ABS:BA_GCCSA(1.0.0),1,1,9,1,TOT,10,AUS,M,1995-10,10163,NUM,0,,
ABS:BA_GCCSA(1.0.0),1,1,9,1,TOT,10,AUS,M,1995-11,10965,NUM,0,,
ABS:BA_GCCSA(1.0.0),1,1,9,1,TOT,10,AUS,M,1995-12,8724,NUM,0,,
ABS:BA_GCCSA(1.0.0),1,1,9,1,TOT,10,AUS,M,1996-01,8226,NUM,0,,
ABS:BA_GCCSA(1.0.0),1,1,9,1,TOT,10,AUS,M,1996-02,9965,NUM,0,,
ABS:BA_GCCSA(1.0.0),1,1,9,1,TOT,10,AUS,M,1996-03,9785,NUM,0,,
ABS:BA_GCCSA(1.0.0),1,1,9,1,TOT,10,AUS,M,1996-04,9676,NUM,0,,
ABS:BA_GCCSA(1.0.0),1,1,9,1,TOT,10,AUS,M,1996-05,12029,NUM,0,,
ABS:BA_GCCSA(1.0.0),1,1,9,1,TOT,10,AUS,M,1996-06,9544,NUM,0,,
ABS:BA_GCCSA(1.0.0),1,1,9,1,TOT,10,AUS,M,1996-07,11963,NUM,0,,
ABS:BA_GCCSA(1.0.0),1,1,9,1,TOT,10,AUS,M,1992-02,11481,NUM,0,,
ABS:BA_GCCSA(1.0.0),1,1,9,1,TOT,10,AUS,M,1992-03,13435,NUM,0,,
ABS:BA_GCCSA(1.0.0),1,1,9,1,TOT,10,AUS,M,1992-04,13108,NUM,0,,
ABS:BA_GCCSA(1.0.0),1,1,9,1,TOT,10,AUS,M,1992-05,13937,NUM,0,,
ABS:BA_GCCSA(1.0.0),1,1,9,1,TOT,10,AUS,M,1992-06,14694,NUM,0,,
ABS:BA_GCCSA(1.0.0),1,1,9,1,TOT,10,AUS,M,1992-07,14539,NUM,0,,
ABS:BA_GCCSA(1.0.0),1,1,9,1,TOT,10,AUS,M,1992-08,13532,NUM,0,,
ABS:BA_GCCSA(1.0.0),1,1,9,1,TOT,10,AUS,M,1992-09,14310,NUM,0,,
ABS:BA_GCCSA(1.0.0),1,1,9,1,TOT,10,AUS,M,1992-10,14442,NUM,0,,
ABS:BA_GCCSA(1.0.0),1,1,9,1,TOT,10,AUS,M,1992-11,14623,NUM,0,,
ABS:BA_GCCSA(1.0.0),1,1,9,1,TOT,10,AUS,M,1992-12,14071,NUM,0,,
ABS:BA_GCCSA(1.0.0),1,1,9,1,TOT,10,AUS,M,1993-01,11973,NUM,0,,
ABS:BA_GCCSA(1.0.0),1,1,9,1,TOT,10,AUS,M,1993-02,13050,NUM,0,,
ABS:BA_GCCSA(1.0.0),1,1,9,1,TOT,10,AUS,M,1993-03,15809,NUM,0,,
ABS:BA_GCCSA(1.0.0),1,1,9,1,TOT,10,AUS,M,1993-04,14200,NUM,0,,
ABS:BA_GCCSA(1.0.0),1,1,9,1,TOT,10,AUS,M,1993-05,14874,NUM,0,,
ABS:BA_GCCSA(1.0.0),1,1,9,1,TOT,10,AUS,M,1993-06,15440,NUM,0,,
ABS:BA_GCCSA(1.0.0),1,1,9,1,TOT,10,AUS,M,1991-07,12755,NUM,0,,
ABS:BA_GCCSA(1.0.0),1,1,9,1,TOT,10,AUS,M,1991-08,12307,NUM,0,,
ABS:BA_GCCSA(1.0.0),1,1,9,1,TOT,10,AUS,M,1991-09,12152,NUM,0,,
ABS:BA_GCCSA(1.0.0),1,1,9,1,TOT,10,AUS,M,1991-10,13241,NUM,0,,
ABS:BA_GCCSA(1.0.0),1,1,9,1,TOT,10,AUS,M,1991-11,11973,NUM,0,,
ABS:BA_GCCSA(1.0.0),1,1,9,1,TOT,10,AUS,M,1991-12,10744,NUM,0,,
ABS:BA_GCCSA(1.0.0),1,1,9,1,TOT,10,AUS,M,1992-01,10647,NUM,0,,
ABS:BA_GCCSA(1.0.0),1,1,9,1,TOT,10,3,M,1996-08,2918,NUM,0,,
ABS:BA_GCCSA(1.0.0),1,1,9,1,TOT,10,3,M,1996-09,2581,NUM,0,,
ABS:BA_GCCSA(1.0.0),1,1,9,1,TOT,10,3,M,1996-10,3297,NUM,0,,
ABS:BA_GCCSA(1.0.0),1,1,9,1,TOT,10,3,M,1996-11,2852,NUM,0,,
ABS:BA_GCCSA(1.0.0),1,1,9,1,TOT,10,3,M,1996-12,2260,NUM,0,,
ABS:BA_GCCSA(1.0.0),1,1,9,1,TOT,10,3,M,1997-01,2236,NUM,0,,
ABS:BA_GCCSA(1.0.0),1,1,9,1,TOT,10,3,M,1997-02,2686,NUM,0,,
ABS:BA_GCCSA(1.0.0),1,1,9,1,TOT,10,3,M,1997-03,2842,NUM,0,,
ABS:BA_GCCSA(1.0.0),1,1,9,1,TOT,10,3,M,1997-04,2740,NUM,0,,
ABS:BA_GCCSA(1.0.0),1,1,9,1,TOT,10,3,M,1997-05,2911,NUM,0,,
ABS:BA_GCCSA(1.0.0),1,1,9,1,TOT,10,3,M,1997-06,2543,NUM,0,,
ABS:BA_GCCSA(1.0.0),1,1,9,1,TOT,10,3,M,1997-07,3358,NUM,0,,
ABS:BA_GCCSA(1.0.0),1,1,9,1,TOT,10,3,M,1997-08,3024,NUM,0,,
ABS:BA_GCCSA(1.0.0),1,1,9,1,TOT,10,3,M,1997-09,3485,NUM,0,,
ABS:BA_GCCSA(1.0.0),1,1,9,1,TOT,10,3,M,1997-10,3161,NUM,0,,
ABS:BA_GCCSA(1.0.0),1,1,9,1,TOT,10,3,M,1997-11,2565,NUM,0,,
ABS:BA_GCCSA(1.0.0),1,1,9,1,TOT,10,3,M,1997-12,2810,NUM,0,,
ABS:BA_GCCSA(1.0.0),1,1,9,1,TOT,10,3,M,1998-01,2928,NUM,0,,
ABS:BA_GCCSA(1.0.0),1,1,9,1,TOT,10,3,M,1998-02,2731,NUM,0,,
ABS:BA_GCCSA(1.0.0),1,1,9,1,TOT,10,3,M,1998-03,3055,NUM,0,,
ABS:BA_GCCSA(1.0.0),1,1,9,1,TOT,10,3,M,1998-04,3218,NUM,0,,
ABS:BA_GCCSA(1.0.0),1,1,9,1,TOT,10,3,M,1998-05,3062,NUM,0,,
ABS:BA_GCCSA(1.0.0),1,1,9,1,TOT,10,3,M,1998-06,2760,NUM,0,,
ABS:BA_GCCSA(1.0.0),1,1,9,1,TOT,10,3,M,1998-07,2531,NUM,0,,
ABS:BA_GCCSA(1.0.0),1,1,9,1,TOT,10,3,M,1998-08,2630,NUM,0,,
ABS:BA_GCCSA(1.0.0),1,1,9,1,TOT,10,3,M,1998-09,3100,NUM,0,,
ABS:BA_GCCSA(1.0.0),1,1,9,1,TOT,10,3,M,1998-10,2738,NUM,0,,
ABS:BA_GCCSA(1.0.0),1,1,9,1,TOT,10,3,M,1998-11,2576,NUM,0,,
ABS:BA_GCCSA(1.0.0),1,1,9,1,TOT,10,3,M,1998-12,2328,NUM,0,,
ABS:BA_GCCSA(1.0.0),1,1,9,1,TOT,10,3,M,1999-01,1895,NUM,0,,
ABS:BA_GCCSA(1.0.0),1,1,9,1,TOT,10,3,M,1999-02,2287,NUM,0,,
ABS:BA_GCCSA(1.0.0),1,1,9,1,TOT,10,3,M,1999-03,2581,NUM,0,,
ABS:BA_GCCSA(1.0.0),1,1,9,1,TOT,10,3,M,1999-04,2391,NUM,0,,
ABS:BA_GCCSA(1.0.0),1,1,9,1,TOT,10,3,M,1999-05,2389,NUM,0,,
ABS:BA_GCCSA(1.0.0),1,1,9,1,TOT,10,3,M,1999-06,2856,NUM,0,,
ABS:BA_GCCSA(1.0.0),1,1,9,1,TOT,10,3,M,1999-07,2518,NUM,0,,
ABS:BA_GCCSA(1.0.0),1,1,9,1,TOT,10,3,M,1999-08,2434,NUM,0,,
ABS:BA_GCCSA(1.0.0),1,1,9,1,TOT,10,3,M,1999-09,3125,NUM,0,,
ABS:BA_GCCSA(1.0.0),1,1,9,1,TOT,10,3,M,1999-10,3086,NUM,0,,
ABS:BA_GCCSA(1.0.0),1,1,9,1,TOT,10,3,M,1999-11,3195,NUM,0,,
ABS:BA_GCCSA(1.0.0),1,1,9,1,TOT,10,3,M,1999-12,3156,NUM,0,,
ABS:BA_GCCSA(1.0.0),1,1,9,1,TOT,10,3,M,2000-01,2729,NUM,0,,
ABS:BA_GCCSA(1.0.0),1,1,9,1,TOT,10,3,M,2000-02,3487,NUM,0,,
ABS:BA_GCCSA(1.0.0),1,1,9,1,TOT,10,3,M,2000-03,3192,NUM,0,,
ABS:BA_GCCSA(1.0.0),1,1,9,1,TOT,10,3,M,2000-04,2861,NUM,0,,
ABS:BA_GCCSA(1.0.0),1,1,9,1,TOT,10,3,M,2000-05,3568,NUM,0,,
ABS:BA_GCCSA(1.0.0),1,1,9,1,TOT,10,3,M,2000-06,2066,NUM,0,,
ABS:BA_GCCSA(1.0.0),1,1,9,1,TOT,10,3,M,2000-07,1668,NUM,0,,
ABS:BA_GCCSA(1.0.0),1,1,9,1,TOT,10,3,M,2000-08,2241,NUM,0,,
ABS:BA_GCCSA(1.0.0),1,1,9,1,TOT,10,3,M,2000-09,1904,NUM,0,,
ABS:BA_GCCSA(1.0.0),1,1,9,1,TOT,10,3,M,2000-10,1906,NUM,0,,
ABS:BA_GCCSA(1.0.0),1,1,9,1,TOT,10,3,M,2000-11,2557,NUM,0,,
ABS:BA_GCCSA(1.0.0),1,1,9,1,TOT,10,3,M,2000-12,1632,NUM,0,,
ABS:BA_GCCSA(1.0.0),1,1,9,1,TOT,10,3,M,2001-01,1778,NUM,0,,
ABS:BA_GCCSA(1.0.0),1,1,9,1,TOT,10,3,M,2001-02,1545,NUM,0,,
ABS:BA_GCCSA(1.0.0),1,1,9,1,TOT,10,3,M,2001-03,1815,NUM,0,,
ABS:BA_GCCSA(1.0.0),1,1,9,1,TOT,10,3,M,2001-04,2068,NUM,0,,
ABS:BA_GCCSA(1.0.0),1,1,9,1,TOT,10,3,M,2001-05,3182,NUM,0,,
ABS:BA_GCCSA(1.0.0),1,1,9,1,TOT,10,3,M,2001-06,2494,NUM,0,,
ABS:BA_GCCSA(1.0.0),1,1,9,1,TOT,10,3,M,1993-07,4682,NUM,0,,
ABS:BA_GCCSA(1.0.0),1,1,9,1,TOT,10,3,M,1993-08,4652,NUM,0,,
ABS:BA_GCCSA(1.0.0),1,1,9,1,TOT,10,3,M,1993-09,4871,NUM,0,,
ABS:BA_GCCSA(1.0.0),1,1,9,1,TOT,10,3,M,1993-10,4553,NUM,0,,
ABS:BA_GCCSA(1.0.0),1,1,9,1,TOT,10,3,M,1993-11,4782,NUM,0,,
ABS:BA_GCCSA(1.0.0),1,1,9,1,TOT,10,3,M,1993-12,4135,NUM,0,,
ABS:BA_GCCSA(1.0.0),1,1,9,1,TOT,10,3,M,1994-01,3566,NUM,0,,
ABS:BA_GCCSA(1.0.0),1,1,9,1,TOT,10,3,M,1994-02,3958,NUM,0,,
ABS:BA_GCCSA(1.0.0),1,1,9,1,TOT,10,3,M,1994-03,5021,NUM,0,,
ABS:BA_GCCSA(1.0.0),1,1,9,1,TOT,10,3,M,1994-04,4027,NUM,0,,
ABS:BA_GCCSA(1.0.0),1,1,9,1,TOT,10,3,M,1994-05,5592,NUM,0,,
ABS:BA_GCCSA(1.0.0),1,1,9,1,TOT,10,3,M,1994-06,5118,NUM,0,,
ABS:BA_GCCSA(1.0.0),1,1,9,1,TOT,10,3,M,1994-07,4497,NUM,0,,
ABS:BA_GCCSA(1.0.0),1,1,9,1,TOT,10,3,M,1994-08,5339,NUM,0,,
ABS:BA_GCCSA(1.0.0),1,1,9,1,TOT,10,3,M,1994-09,4986,NUM,0,,
ABS:BA_GCCSA(1.0.0),1,1,9,1,TOT,10,3,M,1994-10,4182,NUM,0,,
ABS:BA_GCCSA(1.0.0),1,1,9,1,TOT,10,3,M,1994-11,4399,NUM,0,,
ABS:BA_GCCSA(1.0.0),1,1,9,1,TOT,10,3,M,1994-12,3222,NUM,0,,
ABS:BA_GCCSA(1.0.0),1,1,9,1,TOT,10,3,M,1995-01,2798,NUM,0,,
ABS:BA_GCCSA(1.0.0),1,1,9,1,TOT,10,3,M,1995-02,2903,NUM,0,,
ABS:BA_GCCSA(1.0.0),1,1,9,1,TOT,10,3,M,1995-03,3539,NUM,0,,
ABS:BA_GCCSA(1.0.0),1,1,9,1,TOT,10,3,M,1995-04,2798,NUM,0,,
ABS:BA_GCCSA(1.0.0),1,1,9,1,TOT,10,3,M,1995-05,3129,NUM,0,,
ABS:BA_GCCSA(1.0.0),1,1,9,1,TOT,10,3,M,1995-06,3261,NUM,0,,
ABS:BA_GCCSA(1.0.0),1,1,9,1,TOT,10,3,M,1995-07,2580,NUM,0,,
ABS:BA_GCCSA(1.0.0),1,1,9,1,TOT,10,3,M,1995-08,2946,NUM,0,,
ABS:BA_GCCSA(1.0.0),1,1,9,1,TOT,10,3,M,1995-09,2518,NUM,0,,
ABS:BA_GCCSA(1.0.0),1,1,9,1,TOT,10,3,M,1995-10,2496,NUM,0,,
ABS:BA_GCCSA(1.0.0),1,1,9,1,TOT,10,3,M,1995-11,2575,NUM,0,,
ABS:BA_GCCSA(1.0.0),1,1,9,1,TOT,10,3,M,1995-12,2215,NUM,0,,
ABS:BA_GCCSA(1.0.0),1,1,9,1,TOT,10,3,M,1996-01,1865,NUM,0,,
ABS:BA_GCCSA(1.0.0),1,1,9,1,TOT,10,3,M,1996-02,2404,NUM,0,,
ABS:BA_GCCSA(1.0.0),1,1,9,1,TOT,10,3,M,1996-03,2420,NUM,0,,
ABS:BA_GCCSA(1.0.0),1,1,9,1,TOT,10,3,M,1996-04,2681,NUM,0,,
ABS:BA_GCCSA(1.0.0),1,1,9,1,TOT,10,3,M,1996-05,3050,NUM,0,,
ABS:BA_GCCSA(1.0.0),1,1,9,1,TOT,10,3,M,1996-06,2589,NUM,0,,
ABS:BA_GCCSA(1.0.0),1,1,9,1,TOT,10,3,M,1996-07,2984,NUM,0,,
ABS:BA_GCCSA(1.0.0),1,1,9,1,TOT,10,3,M,1992-02,3500,NUM,0,,
ABS:BA_GCCSA(1.0.0),1,1,9,1,TOT,10,3,M,1992-03,3541,NUM,0,,
ABS:BA_GCCSA(1.0.0),1,1,9,1,TOT,10,3,M,1992-04,3394,NUM,0,,
ABS:BA_GCCSA(1.0.0),1,1,9,1,TOT,10,3,M,1992-05,4169,NUM,0,,
ABS:BA_GCCSA(1.0.0),1,1,9,1,TOT,10,3,M,1992-06,4176,NUM,0,,
ABS:BA_GCCSA(1.0.0),1,1,9,1,TOT,10,3,M,1992-07,3810,NUM,0,,
ABS:BA_GCCSA(1.0.0),1,1,9,1,TOT,10,3,M,1992-08,3953,NUM,0,,
ABS:BA_GCCSA(1.0.0),1,1,9,1,TOT,10,3,M,1992-09,3731,NUM,0,,
ABS:BA_GCCSA(1.0.0),1,1,9,1,TOT,10,3,M,1992-10,4138,NUM,0,,
ABS:BA_GCCSA(1.0.0),1,1,9,1,TOT,10,3,M,1992-11,3819,NUM,0,,
ABS:BA_GCCSA(1.0.0),1,1,9,1,TOT,10,3,M,1992-12,3758,NUM,0,,
ABS:BA_GCCSA(1.0.0),1,1,9,1,TOT,10,3,M,1993-01,3129,NUM,0,,
ABS:BA_GCCSA(1.0.0),1,1,9,1,TOT,10,3,M,1993-02,3417,NUM,0,,
ABS:BA_GCCSA(1.0.0),1,1,9,1,TOT,10,3,M,1993-03,4494,NUM,0,,
ABS:BA_GCCSA(1.0.0),1,1,9,1,TOT,10,3,M,1993-04,4378,NUM,0,,
ABS:BA_GCCSA(1.0.0),1,1,9,1,TOT,10,3,M,1993-05,4470,NUM,0,,
ABS:BA_GCCSA(1.0.0),1,1,9,1,TOT,10,3,M,1993-06,4709,NUM,0,,
ABS:BA_GCCSA(1.0.0),1,1,9,1,TOT,10,3,M,1991-07,3267,NUM,0,,
ABS:BA_GCCSA(1.0.0),1,1,9,1,TOT,10,3,M,1991-08,3375,NUM,0,,
ABS:BA_GCCSA(1.0.0),1,1,9,1,TOT,10,3,M,1991-09,3249,NUM,0,,
ABS:BA_GCCSA(1.0.0),1,1,9,1,TOT,10,3,M,1991-10,3921,NUM,0,,
ABS:BA_GCCSA(1.0.0),1,1,9,1,TOT,10,3,M,1991-11,3513,NUM,0,,
ABS:BA_GCCSA(1.0.0),1,1,9,1,TOT,10,3,M,1991-12,2940,NUM,0,,
ABS:BA_GCCSA(1.0.0),1,1,9,1,TOT,10,3,M,1992-01,2852,NUM,0,,
ABS:BA_GCCSA(1.0.0),1,1,9,1,TOT,10,7,M,1996-07,161,NUM,0,,
ABS:BA_GCCSA(1.0.0),1,1,9,1,TOT,10,7,M,1996-08,165,NUM,0,,
ABS:BA_GCCSA(1.0.0),1,1,9,1,TOT,10,7,M,1996-09,141,NUM,0,,
ABS:BA_GCCSA(1.0.0),1,1,9,1,TOT,10,7,M,1996-10,169,NUM,0,,
ABS:BA_GCCSA(1.0.0),1,1,9,1,TOT,10,7,M,1996-11,228,NUM,0,,
ABS:BA_GCCSA(1.0.0),1,1,9,1,TOT,10,7,M,1996-12,110,NUM,0,,
ABS:BA_GCCSA(1.0.0),1,1,9,1,TOT,10,7,M,1997-01,106,NUM,0,,
ABS:BA_GCCSA(1.0.0),1,1,9,1,TOT,10,7,M,1997-02,105,NUM,0,,
ABS:BA_GCCSA(1.0.0),1,1,9,1,TOT,10,7,M,1997-03,151,NUM,0,,
ABS:BA_GCCSA(1.0.0),1,1,9,1,TOT,10,7,M,1997-04,231,NUM,0,,
ABS:BA_GCCSA(1.0.0),1,1,9,1,TOT,10,7,M,1997-05,131,NUM,0,,
ABS:BA_GCCSA(1.0.0),1,1,9,1,TOT,10,7,M,1997-06,252,NUM,0,,
ABS:BA_GCCSA(1.0.0),1,1,9,1,TOT,10,7,M,1997-07,134,NUM,0,,
ABS:BA_GCCSA(1.0.0),1,1,9,1,TOT,10,7,M,1997-08,146,NUM,0,,
ABS:BA_GCCSA(1.0.0),1,1,9,1,TOT,10,7,M,1997-09,97,NUM,0,,
ABS:BA_GCCSA(1.0.0),1,1,9,1,TOT,10,7,M,1997-10,242,NUM,0,,
ABS:BA_GCCSA(1.0.0),1,1,9,1,TOT,10,7,M,1997-11,135,NUM,0,,
ABS:BA_GCCSA(1.0.0),1,1,9,1,TOT,10,7,M,1997-12,257,NUM,0,,
ABS:BA_GCCSA(1.0.0),1,1,9,1,TOT,10,7,M,1998-01,206,NUM,0,,
ABS:BA_GCCSA(1.0.0),1,1,9,1,TOT,10,7,M,1998-02,187,NUM,0,,
ABS:BA_GCCSA(1.0.0),1,1,9,1,TOT,10,7,M,1998-03,179,NUM,0,,
ABS:BA_GCCSA(1.0.0),1,1,9,1,TOT,10,7,M,1998-04,157,NUM,0,,
ABS:BA_GCCSA(1.0.0),1,1,9,1,TOT,10,7,M,1998-05,254,NUM,0,,
ABS:BA_GCCSA(1.0.0),1,1,9,1,TOT,10,7,M,1998-06,214,NUM,0,,
ABS:BA_GCCSA(1.0.0),1,1,9,1,TOT,10,7,M,1998-07,208,NUM,0,,
ABS:BA_GCCSA(1.0.0),1,1,9,1,TOT,10,7,M,1998-08,156,NUM,0,,
ABS:BA_GCCSA(1.0.0),1,1,9,1,TOT,10,7,M,1998-09,239,NUM,0,,
ABS:BA_GCCSA(1.0.0),1,1,9,1,TOT,10,7,M,1998-10,243,NUM,0,,
ABS:BA_GCCSA(1.0.0),1,1,9,1,TOT,10,7,M,1998-11,219,NUM,0,,
ABS:BA_GCCSA(1.0.0),1,1,9,1,TOT,10,7,M,1998-12,137,NUM,0,,
ABS:BA_GCCSA(1.0.0),1,1,9,1,TOT,10,7,M,1999-01,138,NUM,0,,
ABS:BA_GCCSA(1.0.0),1,1,9,1,TOT,10,7,M,1999-02,187,NUM,0,,
ABS:BA_GCCSA(1.0.0),1,1,9,1,TOT,10,7,M,1999-03,151,NUM,0,,
ABS:BA_GCCSA(1.0.0),1,1,9,1,TOT,10,7,M,1999-04,222,NUM,0,,
ABS:BA_GCCSA(1.0.0),1,1,9,1,TOT,10,7,M,1999-05,124,NUM,0,,
ABS:BA_GCCSA(1.0.0),1,1,9,1,TOT,10,7,M,1999-06,180,NUM,0,,
ABS:BA_GCCSA(1.0.0),1,1,9,1,TOT,10,7,M,1999-07,139,NUM,0,,
ABS:BA_GCCSA(1.0.0),1,1,9,1,TOT,10,7,M,1999-08,121,NUM,0,,
ABS:BA_GCCSA(1.0.0),1,1,9,1,TOT,10,7,M,1999-09,116,NUM,0,,
ABS:BA_GCCSA(1.0.0),1,1,9,1,TOT,10,7,M,1999-10,110,NUM,0,,
ABS:BA_GCCSA(1.0.0),1,1,9,1,TOT,10,7,M,1999-11,192,NUM,0,,
ABS:BA_GCCSA(1.0.0),1,1,9,1,TOT,10,7,M,1999-12,140,NUM,0,,
ABS:BA_GCCSA(1.0.0),1,1,9,1,TOT,10,7,M,2000-01,113,NUM,0,,
ABS:BA_GCCSA(1.0.0),1,1,9,1,TOT,10,7,M,2000-02,165,NUM,0,,
ABS:BA_GCCSA(1.0.0),1,1,9,1,TOT,10,7,M,2000-03,87,NUM,0,,
ABS:BA_GCCSA(1.0.0),1,1,9,1,TOT,10,7,M,2000-04,81,NUM,0,,
ABS:BA_GCCSA(1.0.0),1,1,9,1,TOT,10,7,M,2000-05,109,NUM,0,,
ABS:BA_GCCSA(1.0.0),1,1,9,1,TOT,10,7,M,2000-06,141,NUM,0,,
ABS:BA_GCCSA(1.0.0),1,1,9,1,TOT,10,7,M,2000-07,91,NUM,0,,
ABS:BA_GCCSA(1.0.0),1,1,9,1,TOT,10,7,M,2000-08,94,NUM,0,,
ABS:BA_GCCSA(1.0.0),1,1,9,1,TOT,10,7,M,2000-09,61,NUM,0,,
ABS:BA_GCCSA(1.0.0),1,1,9,1,TOT,10,7,M,2000-10,70,NUM,0,,
ABS:BA_GCCSA(1.0.0),1,1,9,1,TOT,10,7,M,2000-11,61,NUM,0,,
ABS:BA_GCCSA(1.0.0),1,1,9,1,TOT,10,7,M,2000-12,35,NUM,0,,
ABS:BA_GCCSA(1.0.0),1,1,9,1,TOT,10,7,M,2001-01,45,NUM,0,,
ABS:BA_GCCSA(1.0.0),1,1,9,1,TOT,10,7,M,2001-02,28,NUM,0,,
ABS:BA_GCCSA(1.0.0),1,1,9,1,TOT,10,7,M,2001-03,116,NUM,0,,
ABS:BA_GCCSA(1.0.0),1,1,9,1,TOT,10,7,M,2001-04,178,NUM,0,,
ABS:BA_GCCSA(1.0.0),1,1,9,1,TOT,10,7,M,2001-05,132,NUM,0,,
ABS:BA_GCCSA(1.0.0),1,1,9,1,TOT,10,7,M,2001-06,184,NUM,0,,
ABS:BA_GCCSA(1.0.0),1,1,9,1,TOT,10,7,M,1993-07,151,NUM,0,,
ABS:BA_GCCSA(1.0.0),1,1,9,1,TOT,10,7,M,1993-08,164,NUM,0,,
ABS:BA_GCCSA(1.0.0),1,1,9,1,TOT,10,7,M,1993-09,200,NUM,0,,
ABS:BA_GCCSA(1.0.0),1,1,9,1,TOT,10,7,M,1993-10,129,NUM,0,,
ABS:BA_GCCSA(1.0.0),1,1,9,1,TOT,10,7,M,1993-11,77,NUM,0,,
ABS:BA_GCCSA(1.0.0),1,1,9,1,TOT,10,7,M,1993-12,60,NUM,0,,
ABS:BA_GCCSA(1.0.0),1,1,9,1,TOT,10,7,M,1994-01,152,NUM,0,,
ABS:BA_GCCSA(1.0.0),1,1,9,1,TOT,10,7,M,1994-02,144,NUM,0,,
ABS:BA_GCCSA(1.0.0),1,1,9,1,TOT,10,7,M,1994-03,133,NUM,0,,
ABS:BA_GCCSA(1.0.0),1,1,9,1,TOT,10,7,M,1994-04,142,NUM,0,,
ABS:BA_GCCSA(1.0.0),1,1,9,1,TOT,10,7,M,1994-05,114,NUM,0,,
ABS:BA_GCCSA(1.0.0),1,1,9,1,TOT,10,7,M,1994-06,111,NUM,0,,
ABS:BA_GCCSA(1.0.0),1,1,9,1,TOT,10,7,M,1994-07,72,NUM,0,,
ABS:BA_GCCSA(1.0.0),1,1,9,1,TOT,10,7,M,1994-08,154,NUM,0,,
ABS:BA_GCCSA(1.0.0),1,1,9,1,TOT,10,7,M,1994-09,209,NUM,0,,
ABS:BA_GCCSA(1.0.0),1,1,9,1,TOT,10,7,M,1994-10,167,NUM,0,,
ABS:BA_GCCSA(1.0.0),1,1,9,1,TOT,10,7,M,1994-11,129,NUM,0,,
ABS:BA_GCCSA(1.0.0),1,1,9,1,TOT,10,7,M,1994-12,115,NUM,0,,
ABS:BA_GCCSA(1.0.0),1,1,9,1,TOT,10,7,M,1995-01,99,NUM,0,,
ABS:BA_GCCSA(1.0.0),1,1,9,1,TOT,10,7,M,1995-02,143,NUM,0,,
ABS:BA_GCCSA(1.0.0),1,1,9,1,TOT,10,7,M,1995-03,132,NUM,0,,
ABS:BA_GCCSA(1.0.0),1,1,9,1,TOT,10,7,M,1995-04,109,NUM,0,,
ABS:BA_GCCSA(1.0.0),1,1,9,1,TOT,10,7,M,1995-05,161,NUM,0,,
ABS:BA_GCCSA(1.0.0),1,1,9,1,TOT,10,7,M,1995-06,154,NUM,0,,
ABS:BA_GCCSA(1.0.0),1,1,9,1,TOT,10,7,M,1995-07,111,NUM,0,,
ABS:BA_GCCSA(1.0.0),1,1,9,1,TOT,10,7,M,1995-08,147,NUM,0,,
ABS:BA_GCCSA(1.0.0),1,1,9,1,TOT,10,7,M,1995-09,102,NUM,0,,
ABS:BA_GCCSA(1.0.0),1,1,9,1,TOT,10,7,M,1995-10,108,NUM,0,,
ABS:BA_GCCSA(1.0.0),1,1,9,1,TOT,10,7,M,1995-11,97,NUM,0,,
ABS:BA_GCCSA(1.0.0),1,1,9,1,TOT,10,7,M,1995-12,141,NUM,0,,
ABS:BA_GCCSA(1.0.0),1,1,9,1,TOT,10,7,M,1996-01,82,NUM,0,,
ABS:BA_GCCSA(1.0.0),1,1,9,1,TOT,10,7,M,1996-02,68,NUM,0,,
ABS:BA_GCCSA(1.0.0),1,1,9,1,TOT,10,7,M,1996-03,119,NUM,0,,
ABS:BA_GCCSA(1.0.0),1,1,9,1,TOT,10,7,M,1996-04,198,NUM,0,,
ABS:BA_GCCSA(1.0.0),1,1,9,1,TOT,10,7,M,1996-05,146,NUM,0,,
ABS:BA_GCCSA(1.0.0),1,1,9,1,TOT,10,7,M,1996-06,121,NUM,0,,
ABS:BA_GCCSA(1.0.0),1,1,9,1,TOT,10,7,M,1992-02,164,NUM,0,,
ABS:BA_GCCSA(1.0.0),1,1,9,1,TOT,10,7,M,1992-03,53,NUM,0,,
ABS:BA_GCCSA(1.0.0),1,1,9,1,TOT,10,7,M,1992-04,219,NUM,0,,
ABS:BA_GCCSA(1.0.0),1,1,9,1,TOT,10,7,M,1992-05,86,NUM,0,,
ABS:BA_GCCSA(1.0.0),1,1,9,1,TOT,10,7,M,1992-06,78,NUM,0,,
ABS:BA_GCCSA(1.0.0),1,1,9,1,TOT,10,7,M,1992-07,132,NUM,0,,
ABS:BA_GCCSA(1.0.0),1,1,9,1,TOT,10,7,M,1992-08,113,NUM,0,,
ABS:BA_GCCSA(1.0.0),1,1,9,1,TOT,10,7,M,1992-09,72,NUM,0,,
ABS:BA_GCCSA(1.0.0),1,1,9,1,TOT,10,7,M,1992-10,126,NUM,0,,
ABS:BA_GCCSA(1.0.0),1,1,9,1,TOT,10,7,M,1992-11,105,NUM,0,,
ABS:BA_GCCSA(1.0.0),1,1,9,1,TOT,10,7,M,1992-12,140,NUM,0,,
ABS:BA_GCCSA(1.0.0),1,1,9,1,TOT,10,7,M,1993-01,100,NUM,0,,
ABS:BA_GCCSA(1.0.0),1,1,9,1,TOT,10,7,M,1993-02,102,NUM,0,,
ABS:BA_GCCSA(1.0.0),1,1,9,1,TOT,10,7,M,1993-03,117,NUM,0,,
ABS:BA_GCCSA(1.0.0),1,1,9,1,TOT,10,7,M,1993-04,160,NUM,0,,
ABS:BA_GCCSA(1.0.0),1,1,9,1,TOT,10,7,M,1993-05,125,NUM,0,,
ABS:BA_GCCSA(1.0.0),1,1,9,1,TOT,10,7,M,1993-06,188,NUM,0,,
ABS:BA_GCCSA(1.0.0),1,1,9,1,TOT,10,7,M,1991-07,46,NUM,0,,
ABS:BA_GCCSA(1.0.0),1,1,9,1,TOT,10,7,M,1991-08,101,NUM,0,,
ABS:BA_GCCSA(1.0.0),1,1,9,1,TOT,10,7,M,1991-09,91,NUM,0,,
ABS:BA_GCCSA(1.0.0),1,1,9,1,TOT,10,7,M,1991-10,145,NUM,0,,
ABS:BA_GCCSA(1.0.0),1,1,9,1,TOT,10,7,M,1991-11,154,NUM,0,,
ABS:BA_GCCSA(1.0.0),1,1,9,1,TOT,10,7,M,1991-12,140,NUM,0,,
ABS:BA_GCCSA(1.0.0),1,1,9,1,TOT,10,7,M,1992-01,187,NUM,0,,
ABS:BA_GCCSA(1.0.0),1,1,9,1,TOT,10,6,M,1996-07,121,NUM,0,,
ABS:BA_GCCSA(1.0.0),1,1,9,1,TOT,10,6,M,1996-08,176,NUM,0,,
ABS:BA_GCCSA(1.0.0),1,1,9,1,TOT,10,6,M,1996-09,160,NUM,0,,
ABS:BA_GCCSA(1.0.0),1,1,9,1,TOT,10,6,M,1996-10,187,NUM,0,,
ABS:BA_GCCSA(1.0.0),1,1,9,1,TOT,10,6,M,1996-11,168,NUM,0,,
ABS:BA_GCCSA(1.0.0),1,1,9,1,TOT,10,6,M,1996-12,153,NUM,0,,
ABS:BA_GCCSA(1.0.0),1,1,9,1,TOT,10,6,M,1997-01,143,NUM,0,,
ABS:BA_GCCSA(1.0.0),1,1,9,1,TOT,10,6,M,1997-02,153,NUM,0,,
ABS:BA_GCCSA(1.0.0),1,1,9,1,TOT,10,6,M,1997-03,125,NUM,0,,
ABS:BA_GCCSA(1.0.0),1,1,9,1,TOT,10,6,M,1997-04,195,NUM,0,,
ABS:BA_GCCSA(1.0.0),1,1,9,1,TOT,10,6,M,1997-05,146,NUM,0,,
ABS:BA_GCCSA(1.0.0),1,1,9,1,TOT,10,6,M,1997-06,117,NUM,0,,
ABS:BA_GCCSA(1.0.0),1,1,9,1,TOT,10,6,M,1997-07,165,NUM,0,,
ABS:BA_GCCSA(1.0.0),1,1,9,1,TOT,10,6,M,1997-08,135,NUM,0,,
ABS:BA_GCCSA(1.0.0),1,1,9,1,TOT,10,6,M,1997-09,149,NUM,0,,
ABS:BA_GCCSA(1.0.0),1,1,9,1,TOT,10,6,M,1997-10,163,NUM,0,,
ABS:BA_GCCSA(1.0.0),1,1,9,1,TOT,10,6,M,1997-11,128,NUM,0,,
ABS:BA_GCCSA(1.0.0),1,1,9,1,TOT,10,6,M,1997-12,154,NUM,0,,
ABS:BA_GCCSA(1.0.0),1,1,9,1,TOT,10,6,M,1998-01,133,NUM,0,,
ABS:BA_GCCSA(1.0.0),1,1,9,1,TOT,10,6,M,1998-02,121,NUM,0,,
ABS:BA_GCCSA(1.0.0),1,1,9,1,TOT,10,6,M,1998-03,125,NUM,0,,
ABS:BA_GCCSA(1.0.0),1,1,9,1,TOT,10,6,M,1998-04,133,NUM,0,,
ABS:BA_GCCSA(1.0.0),1,1,9,1,TOT,10,6,M,1998-05,126,NUM,0,,
ABS:BA_GCCSA(1.0.0),1,1,9,1,TOT,10,6,M,1998-06,106,NUM,0,,
ABS:BA_GCCSA(1.0.0),1,1,9,1,TOT,10,6,M,1998-07,119,NUM,0,,
ABS:BA_GCCSA(1.0.0),1,1,9,1,TOT,10,6,M,1998-08,128,NUM,0,,
ABS:BA_GCCSA(1.0.0),1,1,9,1,TOT,10,6,M,1998-09,138,NUM,0,,
ABS:BA_GCCSA(1.0.0),1,1,9,1,TOT,10,6,M,1998-10,138,NUM,0,,
ABS:BA_GCCSA(1.0.0),1,1,9,1,TOT,10,6,M,1998-11,108,NUM,0,,
ABS:BA_GCCSA(1.0.0),1,1,9,1,TOT,10,6,M,1998-12,114,NUM,0,,
ABS:BA_GCCSA(1.0.0),1,1,9,1,TOT,10,6,M,1999-01,119,NUM,0,,
ABS:BA_GCCSA(1.0.0),1,1,9,1,TOT,10,6,M,1999-02,109,NUM,0,,
ABS:BA_GCCSA(1.0.0),1,1,9,1,TOT,10,6,M,1999-03,126,NUM,0,,
ABS:BA_GCCSA(1.0.0),1,1,9,1,TOT,10,6,M,1999-04,131,NUM,0,,
ABS:BA_GCCSA(1.0.0),1,1,9,1,TOT,10,6,M,1999-05,97,NUM,0,,
ABS:BA_GCCSA(1.0.0),1,1,9,1,TOT,10,6,M,1999-06,88,NUM,0,,
ABS:BA_GCCSA(1.0.0),1,1,9,1,TOT,10,6,M,1999-07,159,NUM,0,,
ABS:BA_GCCSA(1.0.0),1,1,9,1,TOT,10,6,M,1999-08,119,NUM,0,,
ABS:BA_GCCSA(1.0.0),1,1,9,1,TOT,10,6,M,1999-09,120,NUM,0,,
ABS:BA_GCCSA(1.0.0),1,1,9,1,TOT,10,6,M,1999-10,161,NUM,0,,
ABS:BA_GCCSA(1.0.0),1,1,9,1,TOT,10,6,M,1999-11,181,NUM,0,,
ABS:BA_GCCSA(1.0.0),1,1,9,1,TOT,10,6,M,1999-12,180,NUM,0,,
ABS:BA_GCCSA(1.0.0),1,1,9,1,TOT,10,6,M,2000-01,167,NUM,0,,
ABS:BA_GCCSA(1.0.0),1,1,9,1,TOT,10,6,M,2000-02,168,NUM,0,,
ABS:BA_GCCSA(1.0.0),1,1,9,1,TOT,10,6,M,2000-03,163,NUM,0,,
ABS:BA_GCCSA(1.0.0),1,1,9,1,TOT,10,6,M,2000-04,135,NUM,0,,
ABS:BA_GCCSA(1.0.0),1,1,9,1,TOT,10,6,M,2000-05,204,NUM,0,,
ABS:BA_GCCSA(1.0.0),1,1,9,1,TOT,10,6,M,2000-06,88,NUM,0,,
ABS:BA_GCCSA(1.0.0),1,1,9,1,TOT,10,6,M,2000-07,83,NUM,0,,
ABS:BA_GCCSA(1.0.0),1,1,9,1,TOT,10,6,M,2000-08,82,NUM,0,,
ABS:BA_GCCSA(1.0.0),1,1,9,1,TOT,10,6,M,2000-09,119,NUM,0,,
ABS:BA_GCCSA(1.0.0),1,1,9,1,TOT,10,6,M,2000-10,121,NUM,0,,
ABS:BA_GCCSA(1.0.0),1,1,9,1,TOT,10,6,M,2000-11,116,NUM,0,,
ABS:BA_GCCSA(1.0.0),1,1,9,1,TOT,10,6,M,2000-12,57,NUM,0,,
ABS:BA_GCCSA(1.0.0),1,1,9,1,TOT,10,6,M,2001-01,89,NUM,0,,
ABS:BA_GCCSA(1.0.0),1,1,9,1,TOT,10,6,M,2001-02,106,NUM,0,,
ABS:BA_GCCSA(1.0.0),1,1,9,1,TOT,10,6,M,2001-03,88,NUM,0,,
ABS:BA_GCCSA(1.0.0),1,1,9,1,TOT,10,6,M,2001-04,68,NUM,0,,
ABS:BA_GCCSA(1.0.0),1,1,9,1,TOT,10,6,M,2001-05,133,NUM,0,,
ABS:BA_GCCSA(1.0.0),1,1,9,1,TOT,10,6,M,2001-06,126,NUM,0,,
ABS:BA_GCCSA(1.0.0),1,1,9,1,TOT,10,6,M,1993-07,340,NUM,0,,
ABS:BA_GCCSA(1.0.0),1,1,9,1,TOT,10,6,M,1993-08,383,NUM,0,,
ABS:BA_GCCSA(1.0.0),1,1,9,1,TOT,10,6,M,1993-09,341,NUM,0,,
ABS:BA_GCCSA(1.0.0),1,1,9,1,TOT,10,6,M,1993-10,351,NUM,0,,
ABS:BA_GCCSA(1.0.0),1,1,9,1,TOT,10,6,M,1993-11,410,NUM,0,,
ABS:BA_GCCSA(1.0.0),1,1,9,1,TOT,10,6,M,1993-12,372,NUM,0,,
ABS:BA_GCCSA(1.0.0),1,1,9,1,TOT,10,6,M,1994-01,345,NUM,0,,
ABS:BA_GCCSA(1.0.0),1,1,9,1,TOT,10,6,M,1994-02,344,NUM,0,,
ABS:BA_GCCSA(1.0.0),1,1,9,1,TOT,10,6,M,1994-03,332,NUM,0,,
ABS:BA_GCCSA(1.0.0),1,1,9,1,TOT,10,6,M,1994-04,280,NUM,0,,
ABS:BA_GCCSA(1.0.0),1,1,9,1,TOT,10,6,M,1994-05,348,NUM,0,,
ABS:BA_GCCSA(1.0.0),1,1,9,1,TOT,10,6,M,1994-06,306,NUM,0,,
ABS:BA_GCCSA(1.0.0),1,1,9,1,TOT,10,6,M,1994-07,311,NUM,0,,
ABS:BA_GCCSA(1.0.0),1,1,9,1,TOT,10,6,M,1994-08,291,NUM,0,,
ABS:BA_GCCSA(1.0.0),1,1,9,1,TOT,10,6,M,1994-09,314,NUM,0,,
ABS:BA_GCCSA(1.0.0),1,1,9,1,TOT,10,6,M,1994-10,325,NUM,0,,
ABS:BA_GCCSA(1.0.0),1,1,9,1,TOT,10,6,M,1994-11,285,NUM,0,,
ABS:BA_GCCSA(1.0.0),1,1,9,1,TOT,10,6,M,1994-12,228,NUM,0,,
ABS:BA_GCCSA(1.0.0),1,1,9,1,TOT,10,6,M,1995-01,218,NUM,0,,
ABS:BA_GCCSA(1.0.0),1,1,9,1,TOT,10,6,M,1995-02,259,NUM,0,,
ABS:BA_GCCSA(1.0.0),1,1,9,1,TOT,10,6,M,1995-03,288,NUM,0,,
ABS:BA_GCCSA(1.0.0),1,1,9,1,TOT,10,6,M,1995-04,199,NUM,0,,
ABS:BA_GCCSA(1.0.0),1,1,9,1,TOT,10,6,M,1995-05,251,NUM,0,,
ABS:BA_GCCSA(1.0.0),1,1,9,1,TOT,10,6,M,1995-06,208,NUM,0,,
ABS:BA_GCCSA(1.0.0),1,1,9,1,TOT,10,6,M,1995-07,213,NUM,0,,
ABS:BA_GCCSA(1.0.0),1,1,9,1,TOT,10,6,M,1995-08,221,NUM,0,,
ABS:BA_GCCSA(1.0.0),1,1,9,1,TOT,10,6,M,1995-09,252,NUM,0,,
ABS:BA_GCCSA(1.0.0),1,1,9,1,TOT,10,6,M,1995-10,224,NUM,0,,
ABS:BA_GCCSA(1.0.0),1,1,9,1,TOT,10,6,M,1995-11,207,NUM,0,,
ABS:BA_GCCSA(1.0.0),1,1,9,1,TOT,10,6,M,1995-12,219,NUM,0,,
ABS:BA_GCCSA(1.0.0),1,1,9,1,TOT,10,6,M,1996-01,227,NUM,0,,
ABS:BA_GCCSA(1.0.0),1,1,9,1,TOT,10,6,M,1996-02,197,NUM,0,,
ABS:BA_GCCSA(1.0.0),1,1,9,1,TOT,10,6,M,1996-03,165,NUM,0,,
ABS:BA_GCCSA(1.0.0),1,1,9,1,TOT,10,6,M,1996-04,245,NUM,0,,
ABS:BA_GCCSA(1.0.0),1,1,9,1,TOT,10,6,M,1996-05,175,NUM,0,,
ABS:BA_GCCSA(1.0.0),1,1,9,1,TOT,10,6,M,1996-06,194,NUM,0,,
ABS:BA_GCCSA(1.0.0),1,1,9,1,TOT,10,6,M,1992-02,297,NUM,0,,
ABS:BA_GCCSA(1.0.0),1,1,9,1,TOT,10,6,M,1992-03,355,NUM,0,,
ABS:BA_GCCSA(1.0.0),1,1,9,1,TOT,10,6,M,1992-04,320,NUM,0,,
ABS:BA_GCCSA(1.0.0),1,1,9,1,TOT,10,6,M,1992-05,319,NUM,0,,
ABS:BA_GCCSA(1.0.0),1,1,9,1,TOT,10,6,M,1992-06,372,NUM,0,,
ABS:BA_GCCSA(1.0.0),1,1,9,1,TOT,10,6,M,1992-07,326,NUM,0,,
ABS:BA_GCCSA(1.0.0),1,1,9,1,TOT,10,6,M,1992-08,348,NUM,0,,
ABS:BA_GCCSA(1.0.0),1,1,9,1,TOT,10,6,M,1992-09,357,NUM,0,,
ABS:BA_GCCSA(1.0.0),1,1,9,1,TOT,10,6,M,1992-10,363,NUM,0,,
ABS:BA_GCCSA(1.0.0),1,1,9,1,TOT,10,6,M,1992-11,419,NUM,0,,
ABS:BA_GCCSA(1.0.0),1,1,9,1,TOT,10,6,M,1992-12,355,NUM,0,,
ABS:BA_GCCSA(1.0.0),1,1,9,1,TOT,10,6,M,1993-01,311,NUM,0,,
ABS:BA_GCCSA(1.0.0),1,1,9,1,TOT,10,6,M,1993-02,215,NUM,0,,
ABS:BA_GCCSA(1.0.0),1,1,9,1,TOT,10,6,M,1993-03,391,NUM,0,,
ABS:BA_GCCSA(1.0.0),1,1,9,1,TOT,10,6,M,1993-04,344,NUM,0,,
ABS:BA_GCCSA(1.0.0),1,1,9,1,TOT,10,6,M,1993-05,306,NUM,0,,
ABS:BA_GCCSA(1.0.0),1,1,9,1,TOT,10,6,M,1993-06,362,NUM,0,,
ABS:BA_GCCSA(1.0.0),1,1,9,1,TOT,10,6,M,1991-07,252,NUM,0,,
ABS:BA_GCCSA(1.0.0),1,1,9,1,TOT,10,6,M,1991-08,390,NUM,0,,
ABS:BA_GCCSA(1.0.0),1,1,9,1,TOT,10,6,M,1991-09,311,NUM,0,,
ABS:BA_GCCSA(1.0.0),1,1,9,1,TOT,10,6,M,1991-10,348,NUM,0,,
ABS:BA_GCCSA(1.0.0),1,1,9,1,TOT,10,6,M,1991-11,310,NUM,0,,
ABS:BA_GCCSA(1.0.0),1,1,9,1,TOT,10,6,M,1991-12,305,NUM,0,,
ABS:BA_GCCSA(1.0.0),1,1,9,1,TOT,10,6,M,1992-01,324,NUM,0,,
ABS:BA_GCCSA(1.0.0),1,1,9,1,TOT,10,1,M,1996-08,3319,NUM,0,,
ABS:BA_GCCSA(1.0.0),1,1,9,1,TOT,10,1,M,1996-09,3406,NUM,0,,
ABS:BA_GCCSA(1.0.0),1,1,9,1,TOT,10,1,M,1996-10,3600,NUM,0,,
ABS:BA_GCCSA(1.0.0),1,1,9,1,TOT,10,1,M,1996-11,3622,NUM,0,,
ABS:BA_GCCSA(1.0.0),1,1,9,1,TOT,10,1,M,1996-12,3490,NUM,0,,
ABS:BA_GCCSA(1.0.0),1,1,9,1,TOT,10,1,M,1997-01,3670,NUM,0,,
ABS:BA_GCCSA(1.0.0),1,1,9,1,TOT,10,1,M,1997-02,3796,NUM,0,,
ABS:BA_GCCSA(1.0.0),1,1,9,1,TOT,10,1,M,1997-03,3374,NUM,0,,
ABS:BA_GCCSA(1.0.0),1,1,9,1,TOT,10,1,M,1997-04,4225,NUM,0,,
ABS:BA_GCCSA(1.0.0),1,1,9,1,TOT,10,1,M,1997-05,5199,NUM,0,,
ABS:BA_GCCSA(1.0.0),1,1,9,1,TOT,10,1,M,1997-06,3821,NUM,0,,
ABS:BA_GCCSA(1.0.0),1,1,9,1,TOT,10,1,M,1997-07,4119,NUM,0,,
ABS:BA_GCCSA(1.0.0),1,1,9,1,TOT,10,1,M,1997-08,4417,NUM,0,,
ABS:BA_GCCSA(1.0.0),1,1,9,1,TOT,10,1,M,1997-09,4248,NUM,0,,
ABS:BA_GCCSA(1.0.0),1,1,9,1,TOT,10,1,M,1997-10,4057,NUM,0,,
ABS:BA_GCCSA(1.0.0),1,1,9,1,TOT,10,1,M,1997-11,4643,NUM,0,,
ABS:BA_GCCSA(1.0.0),1,1,9,1,TOT,10,1,M,1997-12,4337,NUM,0,,
ABS:BA_GCCSA(1.0.0),1,1,9,1,TOT,10,1,M,1998-01,3470,NUM,0,,
ABS:BA_GCCSA(1.0.0),1,1,9,1,TOT,10,1,M,1998-02,3368,NUM,0,,
ABS:BA_GCCSA(1.0.0),1,1,9,1,TOT,10,1,M,1998-03,4291,NUM,0,,
ABS:BA_GCCSA(1.0.0),1,1,9,1,TOT,10,1,M,1998-04,4702,NUM,0,,
ABS:BA_GCCSA(1.0.0),1,1,9,1,TOT,10,1,M,1998-05,4400,NUM,0,,
ABS:BA_GCCSA(1.0.0),1,1,9,1,TOT,10,1,M,1998-06,4678,NUM,0,,
ABS:BA_GCCSA(1.0.0),1,1,9,1,TOT,10,1,M,1998-07,5493,NUM,0,,
ABS:BA_GCCSA(1.0.0),1,1,9,1,TOT,10,1,M,1998-08,3648,NUM,0,,
ABS:BA_GCCSA(1.0.0),1,1,9,1,TOT,10,1,M,1998-09,3765,NUM,0,,
ABS:BA_GCCSA(1.0.0),1,1,9,1,TOT,10,1,M,1998-10,3900,NUM,0,,
ABS:BA_GCCSA(1.0.0),1,1,9,1,TOT,10,1,M,1998-11,4826,NUM,0,,
ABS:BA_GCCSA(1.0.0),1,1,9,1,TOT,10,1,M,1998-12,4365,NUM,0,,
ABS:BA_GCCSA(1.0.0),1,1,9,1,TOT,10,1,M,1999-01,3475,NUM,0,,
ABS:BA_GCCSA(1.0.0),1,1,9,1,TOT,10,1,M,1999-02,4044,NUM,0,,
ABS:BA_GCCSA(1.0.0),1,1,9,1,TOT,10,1,M,1999-03,4420,NUM,0,,
ABS:BA_GCCSA(1.0.0),1,1,9,1,TOT,10,1,M,1999-04,3900,NUM,0,,
ABS:BA_GCCSA(1.0.0),1,1,9,1,TOT,10,1,M,1999-05,4712,NUM,0,,
ABS:BA_GCCSA(1.0.0),1,1,9,1,TOT,10,1,M,1999-06,4663,NUM,0,,
ABS:BA_GCCSA(1.0.0),1,1,9,1,TOT,10,1,M,1999-07,5144,NUM,0,,
ABS:BA_GCCSA(1.0.0),1,1,9,1,TOT,10,1,M,1999-08,4983,NUM,0,,
ABS:BA_GCCSA(1.0.0),1,1,9,1,TOT,10,1,M,1999-09,4445,NUM,0,,
ABS:BA_GCCSA(1.0.0),1,1,9,1,TOT,10,1,M,1999-10,4331,NUM,0,,
ABS:BA_GCCSA(1.0.0),1,1,9,1,TOT,10,1,M,1999-11,4731,NUM,0,,
ABS:BA_GCCSA(1.0.0),1,1,9,1,TOT,10,1,M,1999-12,4404,NUM,0,,
ABS:BA_GCCSA(1.0.0),1,1,9,1,TOT,10,1,M,2000-01,3721,NUM,0,,
ABS:BA_GCCSA(1.0.0),1,1,9,1,TOT,10,1,M,2000-02,4614,NUM,0,,
ABS:BA_GCCSA(1.0.0),1,1,9,1,TOT,10,1,M,2000-03,4261,NUM,0,,
ABS:BA_GCCSA(1.0.0),1,1,9,1,TOT,10,1,M,2000-04,3271,NUM,0,,
ABS:BA_GCCSA(1.0.0),1,1,9,1,TOT,10,1,M,2000-05,4404,NUM,0,,
ABS:BA_GCCSA(1.0.0),1,1,9,1,TOT,10,1,M,2000-06,3124,NUM,0,,
ABS:BA_GCCSA(1.0.0),1,1,9,1,TOT,10,1,M,2000-07,2180,NUM,0,,
ABS:BA_GCCSA(1.0.0),1,1,9,1,TOT,10,1,M,2000-08,2748,NUM,0,,
ABS:BA_GCCSA(1.0.0),1,1,9,1,TOT,10,1,M,2000-09,2565,NUM,0,,
ABS:BA_GCCSA(1.0.0),1,1,9,1,TOT,10,1,M,2000-10,3362,NUM,0,,
ABS:BA_GCCSA(1.0.0),1,1,9,1,TOT,10,1,M,2000-11,3372,NUM,0,,
ABS:BA_GCCSA(1.0.0),1,1,9,1,TOT,10,1,M,2000-12,2475,NUM,0,,
ABS:BA_GCCSA(1.0.0),1,1,9,1,TOT,10,1,M,2001-01,2740,NUM,0,,
ABS:BA_GCCSA(1.0.0),1,1,9,1,TOT,10,1,M,2001-02,2402,NUM,0,,
ABS:BA_GCCSA(1.0.0),1,1,9,1,TOT,10,1,M,2001-03,2489,NUM,0,,
ABS:BA_GCCSA(1.0.0),1,1,9,1,TOT,10,1,M,2001-04,2509,NUM,0,,
ABS:BA_GCCSA(1.0.0),1,1,9,1,TOT,10,1,M,2001-05,3582,NUM,0,,
ABS:BA_GCCSA(1.0.0),1,1,9,1,TOT,10,1,M,2001-06,3133,NUM,0,,
ABS:BA_GCCSA(1.0.0),1,1,9,1,TOT,10,1,M,1993-07,4441,NUM,0,,
ABS:BA_GCCSA(1.0.0),1,1,9,1,TOT,10,1,M,1993-08,3843,NUM,0,,
ABS:BA_GCCSA(1.0.0),1,1,9,1,TOT,10,1,M,1993-09,4283,NUM,0,,
ABS:BA_GCCSA(1.0.0),1,1,9,1,TOT,10,1,M,1993-10,3802,NUM,0,,
ABS:BA_GCCSA(1.0.0),1,1,9,1,TOT,10,1,M,1993-11,4547,NUM,0,,
ABS:BA_GCCSA(1.0.0),1,1,9,1,TOT,10,1,M,1993-12,3261,NUM,0,,
ABS:BA_GCCSA(1.0.0),1,1,9,1,TOT,10,1,M,1994-01,3572,NUM,0,,
ABS:BA_GCCSA(1.0.0),1,1,9,1,TOT,10,1,M,1994-02,3542,NUM,0,,
ABS:BA_GCCSA(1.0.0),1,1,9,1,TOT,10,1,M,1994-03,4333,NUM,0,,
ABS:BA_GCCSA(1.0.0),1,1,9,1,TOT,10,1,M,1994-04,3832,NUM,0,,
ABS:BA_GCCSA(1.0.0),1,1,9,1,TOT,10,1,M,1994-05,5457,NUM,0,,
ABS:BA_GCCSA(1.0.0),1,1,9,1,TOT,10,1,M,1994-06,5114,NUM,0,,
ABS:BA_GCCSA(1.0.0),1,1,9,1,TOT,10,1,M,1994-07,4341,NUM,0,,
ABS:BA_GCCSA(1.0.0),1,1,9,1,TOT,10,1,M,1994-08,6231,NUM,0,,
ABS:BA_GCCSA(1.0.0),1,1,9,1,TOT,10,1,M,1994-09,5472,NUM,0,,
ABS:BA_GCCSA(1.0.0),1,1,9,1,TOT,10,1,M,1994-10,4510,NUM,0,,
ABS:BA_GCCSA(1.0.0),1,1,9,1,TOT,10,1,M,1994-11,4491,NUM,0,,
ABS:BA_GCCSA(1.0.0),1,1,9,1,TOT,10,1,M,1994-12,4103,NUM,0,,
ABS:BA_GCCSA(1.0.0),1,1,9,1,TOT,10,1,M,1995-01,3753,NUM,0,,
ABS:BA_GCCSA(1.0.0),1,1,9,1,TOT,10,1,M,1995-02,3850,NUM,0,,
ABS:BA_GCCSA(1.0.0),1,1,9,1,TOT,10,1,M,1995-03,4110,NUM,0,,
ABS:BA_GCCSA(1.0.0),1,1,9,1,TOT,10,1,M,1995-04,3497,NUM,0,,
ABS:BA_GCCSA(1.0.0),1,1,9,1,TOT,10,1,M,1995-05,4970,NUM,0,,
ABS:BA_GCCSA(1.0.0),1,1,9,1,TOT,10,1,M,1995-06,3564,NUM,0,,
ABS:BA_GCCSA(1.0.0),1,1,9,1,TOT,10,1,M,1995-07,4368,NUM,0,,
ABS:BA_GCCSA(1.0.0),1,1,9,1,TOT,10,1,M,1995-08,3787,NUM,0,,
ABS:BA_GCCSA(1.0.0),1,1,9,1,TOT,10,1,M,1995-09,3808,NUM,0,,
ABS:BA_GCCSA(1.0.0),1,1,9,1,TOT,10,1,M,1995-10,3372,NUM,0,,
ABS:BA_GCCSA(1.0.0),1,1,9,1,TOT,10,1,M,1995-11,3704,NUM,0,,
ABS:BA_GCCSA(1.0.0),1,1,9,1,TOT,10,1,M,1995-12,2897,NUM,0,,
ABS:BA_GCCSA(1.0.0),1,1,9,1,TOT,10,1,M,1996-01,2850,NUM,0,,
ABS:BA_GCCSA(1.0.0),1,1,9,1,TOT,10,1,M,1996-02,3318,NUM,0,,
ABS:BA_GCCSA(1.0.0),1,1,9,1,TOT,10,1,M,1996-03,3233,NUM,0,,
ABS:BA_GCCSA(1.0.0),1,1,9,1,TOT,10,1,M,1996-04,3041,NUM,0,,
ABS:BA_GCCSA(1.0.0),1,1,9,1,TOT,10,1,M,1996-05,4420,NUM,0,,
ABS:BA_GCCSA(1.0.0),1,1,9,1,TOT,10,1,M,1996-06,2979,NUM,0,,
ABS:BA_GCCSA(1.0.0),1,1,9,1,TOT,10,1,M,1996-07,4511,NUM,0,,
ABS:BA_GCCSA(1.0.0),1,1,9,1,TOT,10,1,M,1992-02,3072,NUM,0,,
ABS:BA_GCCSA(1.0.0),1,1,9,1,TOT,10,1,M,1992-03,3934,NUM,0,,
ABS:BA_GCCSA(1.0.0),1,1,9,1,TOT,10,1,M,1992-04,3753,NUM,0,,
ABS:BA_GCCSA(1.0.0),1,1,9,1,TOT,10,1,M,1992-05,3913,NUM,0,,
ABS:BA_GCCSA(1.0.0),1,1,9,1,TOT,10,1,M,1992-06,4046,NUM,0,,
ABS:BA_GCCSA(1.0.0),1,1,9,1,TOT,10,1,M,1992-07,4089,NUM,0,,
ABS:BA_GCCSA(1.0.0),1,1,9,1,TOT,10,1,M,1992-08,3556,NUM,0,,
ABS:BA_GCCSA(1.0.0),1,1,9,1,TOT,10,1,M,1992-09,4348,NUM,0,,
ABS:BA_GCCSA(1.0.0),1,1,9,1,TOT,10,1,M,1992-10,3995,NUM,0,,
ABS:BA_GCCSA(1.0.0),1,1,9,1,TOT,10,1,M,1992-11,4600,NUM,0,,
ABS:BA_GCCSA(1.0.0),1,1,9,1,TOT,10,1,M,1992-12,4107,NUM,0,,
ABS:BA_GCCSA(1.0.0),1,1,9,1,TOT,10,1,M,1993-01,3686,NUM,0,,
ABS:BA_GCCSA(1.0.0),1,1,9,1,TOT,10,1,M,1993-02,3935,NUM,0,,
ABS:BA_GCCSA(1.0.0),1,1,9,1,TOT,10,1,M,1993-03,4607,NUM,0,,
ABS:BA_GCCSA(1.0.0),1,1,9,1,TOT,10,1,M,1993-04,3868,NUM,0,,
ABS:BA_GCCSA(1.0.0),1,1,9,1,TOT,10,1,M,1993-05,4087,NUM,0,,
ABS:BA_GCCSA(1.0.0),1,1,9,1,TOT,10,1,M,1993-06,3868,NUM,0,,
ABS:BA_GCCSA(1.0.0),1,1,9,1,TOT,10,1,M,1991-07,3968,NUM,0,,
ABS:BA_GCCSA(1.0.0),1,1,9,1,TOT,10,1,M,1991-08,3655,NUM,0,,
ABS:BA_GCCSA(1.0.0),1,1,9,1,TOT,10,1,M,1991-09,3833,NUM,0,,
ABS:BA_GCCSA(1.0.0),1,1,9,1,TOT,10,1,M,1991-10,3623,NUM,0,,
ABS:BA_GCCSA(1.0.0),1,1,9,1,TOT,10,1,M,1991-11,3530,NUM,0,,
ABS:BA_GCCSA(1.0.0),1,1,9,1,TOT,10,1,M,1991-12,3237,NUM,0,,
ABS:BA_GCCSA(1.0.0),1,1,9,1,TOT,10,1,M,1992-01,2980,NUM,0,,
ABS:BA_GCCSA(1.0.0),1,1,9,1,TOT,10,5,M,1996-08,1271,NUM,0,,
ABS:BA_GCCSA(1.0.0),1,1,9,1,TOT,10,5,M,1996-09,1236,NUM,0,,
ABS:BA_GCCSA(1.0.0),1,1,9,1,TOT,10,5,M,1996-10,1362,NUM,0,,
ABS:BA_GCCSA(1.0.0),1,1,9,1,TOT,10,5,M,1996-11,1364,NUM,0,,
ABS:BA_GCCSA(1.0.0),1,1,9,1,TOT,10,5,M,1996-12,1229,NUM,0,,
ABS:BA_GCCSA(1.0.0),1,1,9,1,TOT,10,5,M,1997-01,1170,NUM,0,,
ABS:BA_GCCSA(1.0.0),1,1,9,1,TOT,10,5,M,1997-02,1045,NUM,0,,
ABS:BA_GCCSA(1.0.0),1,1,9,1,TOT,10,5,M,1997-03,1214,NUM,0,,
ABS:BA_GCCSA(1.0.0),1,1,9,1,TOT,10,5,M,1997-04,1622,NUM,0,,
ABS:BA_GCCSA(1.0.0),1,1,9,1,TOT,10,5,M,1997-05,1574,NUM,0,,
ABS:BA_GCCSA(1.0.0),1,1,9,1,TOT,10,5,M,1997-06,1254,NUM,0,,
ABS:BA_GCCSA(1.0.0),1,1,9,1,TOT,10,5,M,1997-07,1527,NUM,0,,
ABS:BA_GCCSA(1.0.0),1,1,9,1,TOT,10,5,M,1997-08,1363,NUM,0,,
ABS:BA_GCCSA(1.0.0),1,1,9,1,TOT,10,5,M,1997-09,1311,NUM,0,,
ABS:BA_GCCSA(1.0.0),1,1,9,1,TOT,10,5,M,1997-10,1506,NUM,0,,
ABS:BA_GCCSA(1.0.0),1,1,9,1,TOT,10,5,M,1997-11,1539,NUM,0,,
ABS:BA_GCCSA(1.0.0),1,1,9,1,TOT,10,5,M,1997-12,1394,NUM,0,,
ABS:BA_GCCSA(1.0.0),1,1,9,1,TOT,10,5,M,1998-01,1155,NUM,0,,
ABS:BA_GCCSA(1.0.0),1,1,9,1,TOT,10,5,M,1998-02,1440,NUM,0,,
ABS:BA_GCCSA(1.0.0),1,1,9,1,TOT,10,5,M,1998-03,1744,NUM,0,,
ABS:BA_GCCSA(1.0.0),1,1,9,1,TOT,10,5,M,1998-04,1574,NUM,0,,
ABS:BA_GCCSA(1.0.0),1,1,9,1,TOT,10,5,M,1998-05,1792,NUM,0,,
ABS:BA_GCCSA(1.0.0),1,1,9,1,TOT,10,5,M,1998-06,2049,NUM,0,,
ABS:BA_GCCSA(1.0.0),1,1,9,1,TOT,10,5,M,1998-07,1700,NUM,0,,
ABS:BA_GCCSA(1.0.0),1,1,9,1,TOT,10,5,M,1998-08,1735,NUM,0,,
ABS:BA_GCCSA(1.0.0),1,1,9,1,TOT,10,5,M,1998-09,1411,NUM,0,,
ABS:BA_GCCSA(1.0.0),1,1,9,1,TOT,10,5,M,1998-10,1631,NUM,0,,
ABS:BA_GCCSA(1.0.0),1,1,9,1,TOT,10,5,M,1998-11,1636,NUM,0,,
ABS:BA_GCCSA(1.0.0),1,1,9,1,TOT,10,5,M,1998-12,1624,NUM,0,,
ABS:BA_GCCSA(1.0.0),1,1,9,1,TOT,10,5,M,1999-01,1305,NUM,0,,
ABS:BA_GCCSA(1.0.0),1,1,9,1,TOT,10,5,M,1999-02,1545,NUM,0,,
ABS:BA_GCCSA(1.0.0),1,1,9,1,TOT,10,5,M,1999-03,1861,NUM,0,,
ABS:BA_GCCSA(1.0.0),1,1,9,1,TOT,10,5,M,1999-04,1637,NUM,0,,
ABS:BA_GCCSA(1.0.0),1,1,9,1,TOT,10,5,M,1999-05,1972,NUM,0,,
ABS:BA_GCCSA(1.0.0),1,1,9,1,TOT,10,5,M,1999-06,2423,NUM,0,,
ABS:BA_GCCSA(1.0.0),1,1,9,1,TOT,10,5,M,1999-07,2052,NUM,0,,
ABS:BA_GCCSA(1.0.0),1,1,9,1,TOT,10,5,M,1999-08,2073,NUM,0,,
ABS:BA_GCCSA(1.0.0),1,1,9,1,TOT,10,5,M,1999-09,2096,NUM,0,,
ABS:BA_GCCSA(1.0.0),1,1,9,1,TOT,10,5,M,1999-10,1902,NUM,0,,
ABS:BA_GCCSA(1.0.0),1,1,9,1,TOT,10,5,M,1999-11,2423,NUM,0,,
ABS:BA_GCCSA(1.0.0),1,1,9,1,TOT,10,5,M,1999-12,1992,NUM,0,,
ABS:BA_GCCSA(1.0.0),1,1,9,1,TOT,10,5,M,2000-01,1655,NUM,0,,
ABS:BA_GCCSA(1.0.0),1,1,9,1,TOT,10,5,M,2000-02,1950,NUM,0,,
ABS:BA_GCCSA(1.0.0),1,1,9,1,TOT,10,5,M,2000-03,1758,NUM,0,,
ABS:BA_GCCSA(1.0.0),1,1,9,1,TOT,10,5,M,2000-04,1373,NUM,0,,
ABS:BA_GCCSA(1.0.0),1,1,9,1,TOT,10,5,M,2000-05,1797,NUM,0,,
ABS:BA_GCCSA(1.0.0),1,1,9,1,TOT,10,5,M,2000-06,1717,NUM,0,,
ABS:BA_GCCSA(1.0.0),1,1,9,1,TOT,10,5,M,2000-07,1103,NUM,0,,
ABS:BA_GCCSA(1.0.0),1,1,9,1,TOT,10,5,M,2000-08,1216,NUM,0,,
ABS:BA_GCCSA(1.0.0),1,1,9,1,TOT,10,5,M,2000-09,1190,NUM,0,,
ABS:BA_GCCSA(1.0.0),1,1,9,1,TOT,10,5,M,2000-10,1211,NUM,0,,
ABS:BA_GCCSA(1.0.0),1,1,9,1,TOT,10,5,M,2000-11,1227,NUM,0,,
ABS:BA_GCCSA(1.0.0),1,1,9,1,TOT,10,5,M,2000-12,1068,NUM,0,,
ABS:BA_GCCSA(1.0.0),1,1,9,1,TOT,10,5,M,2001-01,932,NUM,0,,
ABS:BA_GCCSA(1.0.0),1,1,9,1,TOT,10,5,M,2001-02,997,NUM,0,,
ABS:BA_GCCSA(1.0.0),1,1,9,1,TOT,10,5,M,2001-03,1116,NUM,0,,
ABS:BA_GCCSA(1.0.0),1,1,9,1,TOT,10,5,M,2001-04,1190,NUM,0,,
ABS:BA_GCCSA(1.0.0),1,1,9,1,TOT,10,5,M,2001-05,1765,NUM,0,,
ABS:BA_GCCSA(1.0.0),1,1,9,1,TOT,10,5,M,2001-06,1780,NUM,0,,
ABS:BA_GCCSA(1.0.0),1,1,9,1,TOT,10,5,M,1993-07,2024,NUM,0,,
ABS:BA_GCCSA(1.0.0),1,1,9,1,TOT,10,5,M,1993-08,2172,NUM,0,,
ABS:BA_GCCSA(1.0.0),1,1,9,1,TOT,10,5,M,1993-09,2259,NUM,0,,
ABS:BA_GCCSA(1.0.0),1,1,9,1,TOT,10,5,M,1993-10,2087,NUM,0,,
ABS:BA_GCCSA(1.0.0),1,1,9,1,TOT,10,5,M,1993-11,2359,NUM,0,,
ABS:BA_GCCSA(1.0.0),1,1,9,1,TOT,10,5,M,1993-12,2291,NUM,0,,
ABS:BA_GCCSA(1.0.0),1,1,9,1,TOT,10,5,M,1994-01,1543,NUM,0,,
ABS:BA_GCCSA(1.0.0),1,1,9,1,TOT,10,5,M,1994-02,2102,NUM,0,,
ABS:BA_GCCSA(1.0.0),1,1,9,1,TOT,10,5,M,1994-03,2427,NUM,0,,
ABS:BA_GCCSA(1.0.0),1,1,9,1,TOT,10,5,M,1994-04,2094,NUM,0,,
ABS:BA_GCCSA(1.0.0),1,1,9,1,TOT,10,5,M,1994-05,2663,NUM,0,,
ABS:BA_GCCSA(1.0.0),1,1,9,1,TOT,10,5,M,1994-06,2655,NUM,0,,
ABS:BA_GCCSA(1.0.0),1,1,9,1,TOT,10,5,M,1994-07,2120,NUM,0,,
ABS:BA_GCCSA(1.0.0),1,1,9,1,TOT,10,5,M,1994-08,2313,NUM,0,,
ABS:BA_GCCSA(1.0.0),1,1,9,1,TOT,10,5,M,1994-09,2437,NUM,0,,
ABS:BA_GCCSA(1.0.0),1,1,9,1,TOT,10,5,M,1994-10,1872,NUM,0,,
ABS:BA_GCCSA(1.0.0),1,1,9,1,TOT,10,5,M,1994-11,2130,NUM,0,,
ABS:BA_GCCSA(1.0.0),1,1,9,1,TOT,10,5,M,1994-12,1848,NUM,0,,
ABS:BA_GCCSA(1.0.0),1,1,9,1,TOT,10,5,M,1995-01,1531,NUM,0,,
ABS:BA_GCCSA(1.0.0),1,1,9,1,TOT,10,5,M,1995-02,1578,NUM,0,,
ABS:BA_GCCSA(1.0.0),1,1,9,1,TOT,10,5,M,1995-03,1755,NUM,0,,
ABS:BA_GCCSA(1.0.0),1,1,9,1,TOT,10,5,M,1995-04,1174,NUM,0,,
ABS:BA_GCCSA(1.0.0),1,1,9,1,TOT,10,5,M,1995-05,1793,NUM,0,,
ABS:BA_GCCSA(1.0.0),1,1,9,1,TOT,10,5,M,1995-06,1792,NUM,0,,
ABS:BA_GCCSA(1.0.0),1,1,9,1,TOT,10,5,M,1995-07,1199,NUM,0,,
ABS:BA_GCCSA(1.0.0),1,1,9,1,TOT,10,5,M,1995-08,1593,NUM,0,,
ABS:BA_GCCSA(1.0.0),1,1,9,1,TOT,10,5,M,1995-09,1404,NUM,0,,
ABS:BA_GCCSA(1.0.0),1,1,9,1,TOT,10,5,M,1995-10,1261,NUM,0,,
ABS:BA_GCCSA(1.0.0),1,1,9,1,TOT,10,5,M,1995-11,1374,NUM,0,,
ABS:BA_GCCSA(1.0.0),1,1,9,1,TOT,10,5,M,1995-12,987,NUM,0,,
ABS:BA_GCCSA(1.0.0),1,1,9,1,TOT,10,5,M,1996-01,1237,NUM,0,,
ABS:BA_GCCSA(1.0.0),1,1,9,1,TOT,10,5,M,1996-02,1474,NUM,0,,
ABS:BA_GCCSA(1.0.0),1,1,9,1,TOT,10,5,M,1996-03,1490,NUM,0,,
ABS:BA_GCCSA(1.0.0),1,1,9,1,TOT,10,5,M,1996-04,1166,NUM,0,,
ABS:BA_GCCSA(1.0.0),1,1,9,1,TOT,10,5,M,1996-05,1410,NUM,0,,
ABS:BA_GCCSA(1.0.0),1,1,9,1,TOT,10,5,M,1996-06,1194,NUM,0,,
ABS:BA_GCCSA(1.0.0),1,1,9,1,TOT,10,5,M,1996-07,1334,NUM,0,,
ABS:BA_GCCSA(1.0.0),1,1,9,1,TOT,10,5,M,1992-02,1398,NUM,0,,
ABS:BA_GCCSA(1.0.0),1,1,9,1,TOT,10,5,M,1992-03,1736,NUM,0,,
ABS:BA_GCCSA(1.0.0),1,1,9,1,TOT,10,5,M,1992-04,1668,NUM,0,,
ABS:BA_GCCSA(1.0.0),1,1,9,1,TOT,10,5,M,1992-05,1978,NUM,0,,
ABS:BA_GCCSA(1.0.0),1,1,9,1,TOT,10,5,M,1992-06,2037,NUM,0,,
ABS:BA_GCCSA(1.0.0),1,1,9,1,TOT,10,5,M,1992-07,2015,NUM,0,,
ABS:BA_GCCSA(1.0.0),1,1,9,1,TOT,10,5,M,1992-08,1702,NUM,0,,
ABS:BA_GCCSA(1.0.0),1,1,9,1,TOT,10,5,M,1992-09,1909,NUM,0,,
ABS:BA_GCCSA(1.0.0),1,1,9,1,TOT,10,5,M,1992-10,2015,NUM,0,,
ABS:BA_GCCSA(1.0.0),1,1,9,1,TOT,10,5,M,1992-11,1710,NUM,0,,
ABS:BA_GCCSA(1.0.0),1,1,9,1,TOT,10,5,M,1992-12,1842,NUM,0,,
ABS:BA_GCCSA(1.0.0),1,1,9,1,TOT,10,5,M,1993-01,1599,NUM,0,,
ABS:BA_GCCSA(1.0.0),1,1,9,1,TOT,10,5,M,1993-02,1646,NUM,0,,
ABS:BA_GCCSA(1.0.0),1,1,9,1,TOT,10,5,M,1993-03,1974,NUM,0,,
ABS:BA_GCCSA(1.0.0),1,1,9,1,TOT,10,5,M,1993-04,1756,NUM,0,,
ABS:BA_GCCSA(1.0.0),1,1,9,1,TOT,10,5,M,1993-05,1971,NUM,0,,
ABS:BA_GCCSA(1.0.0),1,1,9,1,TOT,10,5,M,1993-06,2360,NUM,0,,
ABS:BA_GCCSA(1.0.0),1,1,9,1,TOT,10,5,M,1991-07,1541,NUM,0,,
ABS:BA_GCCSA(1.0.0),1,1,9,1,TOT,10,5,M,1991-08,1451,NUM,0,,
ABS:BA_GCCSA(1.0.0),1,1,9,1,TOT,10,5,M,1991-09,1478,NUM,0,,
ABS:BA_GCCSA(1.0.0),1,1,9,1,TOT,10,5,M,1991-10,1381,NUM,0,,
ABS:BA_GCCSA(1.0.0),1,1,9,1,TOT,10,5,M,1991-11,1362,NUM,0,,
ABS:BA_GCCSA(1.0.0),1,1,9,1,TOT,10,5,M,1991-12,1219,NUM,0,,
ABS:BA_GCCSA(1.0.0),1,1,9,1,TOT,10,5,M,1992-01,1338,NUM,0,,
ABS:BA_GCCSA(1.0.0),1,1,9,1,TOT,10,2,M,1996-07,2188,NUM,0,,
ABS:BA_GCCSA(1.0.0),1,1,9,1,TOT,10,2,M,1996-08,2472,NUM,0,,
ABS:BA_GCCSA(1.0.0),1,1,9,1,TOT,10,2,M,1996-09,1854,NUM,0,,
ABS:BA_GCCSA(1.0.0),1,1,9,1,TOT,10,2,M,1996-10,2315,NUM,0,,
ABS:BA_GCCSA(1.0.0),1,1,9,1,TOT,10,2,M,1996-11,1880,NUM,0,,
ABS:BA_GCCSA(1.0.0),1,1,9,1,TOT,10,2,M,1996-12,1933,NUM,0,,
ABS:BA_GCCSA(1.0.0),1,1,9,1,TOT,10,2,M,1997-01,2088,NUM,0,,
ABS:BA_GCCSA(1.0.0),1,1,9,1,TOT,10,2,M,1997-02,2292,NUM,0,,
ABS:BA_GCCSA(1.0.0),1,1,9,1,TOT,10,2,M,1997-03,2435,NUM,0,,
ABS:BA_GCCSA(1.0.0),1,1,9,1,TOT,10,2,M,1997-04,2467,NUM,0,,
ABS:BA_GCCSA(1.0.0),1,1,9,1,TOT,10,2,M,1997-05,2606,NUM,0,,
ABS:BA_GCCSA(1.0.0),1,1,9,1,TOT,10,2,M,1997-06,2269,NUM,0,,
ABS:BA_GCCSA(1.0.0),1,1,9,1,TOT,10,2,M,1997-07,2608,NUM,0,,
ABS:BA_GCCSA(1.0.0),1,1,9,1,TOT,10,2,M,1997-08,3166,NUM,0,,
ABS:BA_GCCSA(1.0.0),1,1,9,1,TOT,10,2,M,1997-09,2938,NUM,0,,
ABS:BA_GCCSA(1.0.0),1,1,9,1,TOT,10,2,M,1997-10,2618,NUM,0,,
ABS:BA_GCCSA(1.0.0),1,1,9,1,TOT,10,2,M,1997-11,3194,NUM,0,,
ABS:BA_GCCSA(1.0.0),1,1,9,1,TOT,10,2,M,1997-12,2769,NUM,0,,
ABS:BA_GCCSA(1.0.0),1,1,9,1,TOT,10,2,M,1998-01,2363,NUM,0,,
ABS:BA_GCCSA(1.0.0),1,1,9,1,TOT,10,2,M,1998-02,2696,NUM,0,,
ABS:BA_GCCSA(1.0.0),1,1,9,1,TOT,10,2,M,1998-03,3478,NUM,0,,
ABS:BA_GCCSA(1.0.0),1,1,9,1,TOT,10,2,M,1998-04,3264,NUM,0,,
ABS:BA_GCCSA(1.0.0),1,1,9,1,TOT,10,2,M,1998-05,3118,NUM,0,,
ABS:BA_GCCSA(1.0.0),1,1,9,1,TOT,10,2,M,1998-06,3190,NUM,0,,
ABS:BA_GCCSA(1.0.0),1,1,9,1,TOT,10,2,M,1998-07,2930,NUM,0,,
ABS:BA_GCCSA(1.0.0),1,1,9,1,TOT,10,2,M,1998-08,3165,NUM,0,,
ABS:BA_GCCSA(1.0.0),1,1,9,1,TOT,10,2,M,1998-09,3245,NUM,0,,
ABS:BA_GCCSA(1.0.0),1,1,9,1,TOT,10,2,M,1998-10,3033,NUM,0,,
ABS:BA_GCCSA(1.0.0),1,1,9,1,TOT,10,2,M,1998-11,3082,NUM,0,,
ABS:BA_GCCSA(1.0.0),1,1,9,1,TOT,10,2,M,1998-12,3186,NUM,0,,
ABS:BA_GCCSA(1.0.0),1,1,9,1,TOT,10,2,M,1999-01,2456,NUM,0,,
ABS:BA_GCCSA(1.0.0),1,1,9,1,TOT,10,2,M,1999-02,3553,NUM,0,,
ABS:BA_GCCSA(1.0.0),1,1,9,1,TOT,10,2,M,1999-03,3554,NUM,0,,
ABS:BA_GCCSA(1.0.0),1,1,9,1,TOT,10,2,M,1999-04,3280,NUM,0,,
ABS:BA_GCCSA(1.0.0),1,1,9,1,TOT,10,2,M,1999-05,3572,NUM,0,,
ABS:BA_GCCSA(1.0.0),1,1,9,1,TOT,10,2,M,1999-06,3287,NUM,0,,
ABS:BA_GCCSA(1.0.0),1,1,9,1,TOT,10,2,M,1999-07,3722,NUM,0,,
ABS:BA_GCCSA(1.0.0),1,1,9,1,TOT,10,2,M,1999-08,4730,NUM,0,,
ABS:BA_GCCSA(1.0.0),1,1,9,1,TOT,10,2,M,1999-09,4079,NUM,0,,
ABS:BA_GCCSA(1.0.0),1,1,9,1,TOT,10,2,M,1999-10,3928,NUM,0,,
ABS:BA_GCCSA(1.0.0),1,1,9,1,TOT,10,2,M,1999-11,4328,NUM,0,,
ABS:BA_GCCSA(1.0.0),1,1,9,1,TOT,10,2,M,1999-12,4172,NUM,0,,
ABS:BA_GCCSA(1.0.0),1,1,9,1,TOT,10,2,M,2000-01,4108,NUM,0,,
ABS:BA_GCCSA(1.0.0),1,1,9,1,TOT,10,2,M,2000-02,4739,NUM,0,,
ABS:BA_GCCSA(1.0.0),1,1,9,1,TOT,10,2,M,2000-03,4900,NUM,0,,
ABS:BA_GCCSA(1.0.0),1,1,9,1,TOT,10,2,M,2000-04,3390,NUM,0,,
ABS:BA_GCCSA(1.0.0),1,1,9,1,TOT,10,2,M,2000-05,3389,NUM,0,,
ABS:BA_GCCSA(1.0.0),1,1,9,1,TOT,10,2,M,2000-06,3192,NUM,0,,
ABS:BA_GCCSA(1.0.0),1,1,9,1,TOT,10,2,M,2000-07,2897,NUM,0,,
ABS:BA_GCCSA(1.0.0),1,1,9,1,TOT,10,2,M,2000-08,2574,NUM,0,,
ABS:BA_GCCSA(1.0.0),1,1,9,1,TOT,10,2,M,2000-09,2533,NUM,0,,
ABS:BA_GCCSA(1.0.0),1,1,9,1,TOT,10,2,M,2000-10,2038,NUM,0,,
ABS:BA_GCCSA(1.0.0),1,1,9,1,TOT,10,2,M,2000-11,2983,NUM,0,,
ABS:BA_GCCSA(1.0.0),1,1,9,1,TOT,10,2,M,2000-12,2957,NUM,0,,
ABS:BA_GCCSA(1.0.0),1,1,9,1,TOT,10,2,M,2001-01,2576,NUM,0,,
ABS:BA_GCCSA(1.0.0),1,1,9,1,TOT,10,2,M,2001-02,3160,NUM,0,,
ABS:BA_GCCSA(1.0.0),1,1,9,1,TOT,10,2,M,2001-03,3267,NUM,0,,
ABS:BA_GCCSA(1.0.0),1,1,9,1,TOT,10,2,M,2001-04,2431,NUM,0,,
ABS:BA_GCCSA(1.0.0),1,1,9,1,TOT,10,2,M,2001-05,3658,NUM,0,,
ABS:BA_GCCSA(1.0.0),1,1,9,1,TOT,10,2,M,2001-06,3226,NUM,0,,
ABS:BA_GCCSA(1.0.0),1,1,9,1,TOT,10,2,M,1993-07,2663,NUM,0,,
ABS:BA_GCCSA(1.0.0),1,1,9,1,TOT,10,2,M,1993-08,2510,NUM,0,,
ABS:BA_GCCSA(1.0.0),1,1,9,1,TOT,10,2,M,1993-09,2798,NUM,0,,
ABS:BA_GCCSA(1.0.0),1,1,9,1,TOT,10,2,M,1993-10,2645,NUM,0,,
ABS:BA_GCCSA(1.0.0),1,1,9,1,TOT,10,2,M,1993-11,2747,NUM,0,,
ABS:BA_GCCSA(1.0.0),1,1,9,1,TOT,10,2,M,1993-12,2437,NUM,0,,
ABS:BA_GCCSA(1.0.0),1,1,9,1,TOT,10,2,M,1994-01,2185,NUM,0,,
ABS:BA_GCCSA(1.0.0),1,1,9,1,TOT,10,2,M,1994-02,2719,NUM,0,,
ABS:BA_GCCSA(1.0.0),1,1,9,1,TOT,10,2,M,1994-03,2907,NUM,0,,
ABS:BA_GCCSA(1.0.0),1,1,9,1,TOT,10,2,M,1994-04,2427,NUM,0,,
ABS:BA_GCCSA(1.0.0),1,1,9,1,TOT,10,2,M,1994-05,3032,NUM,0,,
ABS:BA_GCCSA(1.0.0),1,1,9,1,TOT,10,2,M,1994-06,2712,NUM,0,,
ABS:BA_GCCSA(1.0.0),1,1,9,1,TOT,10,2,M,1994-07,2736,NUM,0,,
ABS:BA_GCCSA(1.0.0),1,1,9,1,TOT,10,2,M,1994-08,3042,NUM,0,,
ABS:BA_GCCSA(1.0.0),1,1,9,1,TOT,10,2,M,1994-09,2723,NUM,0,,
ABS:BA_GCCSA(1.0.0),1,1,9,1,TOT,10,2,M,1994-10,2782,NUM,0,,
ABS:BA_GCCSA(1.0.0),1,1,9,1,TOT,10,2,M,1994-11,3034,NUM,0,,
ABS:BA_GCCSA(1.0.0),1,1,9,1,TOT,10,2,M,1994-12,2515,NUM,0,,
ABS:BA_GCCSA(1.0.0),1,1,9,1,TOT,10,2,M,1995-01,1786,NUM,0,,
ABS:BA_GCCSA(1.0.0),1,1,9,1,TOT,10,2,M,1995-02,2262,NUM,0,,
ABS:BA_GCCSA(1.0.0),1,1,9,1,TOT,10,2,M,1995-03,2232,NUM,0,,
ABS:BA_GCCSA(1.0.0),1,1,9,1,TOT,10,2,M,1995-04,1877,NUM,0,,
ABS:BA_GCCSA(1.0.0),1,1,9,1,TOT,10,2,M,1995-05,2671,NUM,0,,
ABS:BA_GCCSA(1.0.0),1,1,9,1,TOT,10,2,M,1995-06,2295,NUM,0,,
ABS:BA_GCCSA(1.0.0),1,1,9,1,TOT,10,2,M,1995-07,2043,NUM,0,,
ABS:BA_GCCSA(1.0.0),1,1,9,1,TOT,10,2,M,1995-08,2103,NUM,0,,
ABS:BA_GCCSA(1.0.0),1,1,9,1,TOT,10,2,M,1995-09,2139,NUM,0,,
ABS:BA_GCCSA(1.0.0),1,1,9,1,TOT,10,2,M,1995-10,2002,NUM,0,,
ABS:BA_GCCSA(1.0.0),1,1,9,1,TOT,10,2,M,1995-11,2085,NUM,0,,
ABS:BA_GCCSA(1.0.0),1,1,9,1,TOT,10,2,M,1995-12,1757,NUM,0,,
ABS:BA_GCCSA(1.0.0),1,1,9,1,TOT,10,2,M,1996-01,1496,NUM,0,,
ABS:BA_GCCSA(1.0.0),1,1,9,1,TOT,10,2,M,1996-02,1841,NUM,0,,
ABS:BA_GCCSA(1.0.0),1,1,9,1,TOT,10,2,M,1996-03,1781,NUM,0,,
ABS:BA_GCCSA(1.0.0),1,1,9,1,TOT,10,2,M,1996-04,1794,NUM,0,,
ABS:BA_GCCSA(1.0.0),1,1,9,1,TOT,10,2,M,1996-05,2090,NUM,0,,
ABS:BA_GCCSA(1.0.0),1,1,9,1,TOT,10,2,M,1996-06,1959,NUM,0,,
ABS:BA_GCCSA(1.0.0),1,1,9,1,TOT,10,2,M,1992-02,2018,NUM,0,,
ABS:BA_GCCSA(1.0.0),1,1,9,1,TOT,10,2,M,1992-03,2405,NUM,0,,
ABS:BA_GCCSA(1.0.0),1,1,9,1,TOT,10,2,M,1992-04,2346,NUM,0,,
ABS:BA_GCCSA(1.0.0),1,1,9,1,TOT,10,2,M,1992-05,2291,NUM,0,,
ABS:BA_GCCSA(1.0.0),1,1,9,1,TOT,10,2,M,1992-06,2365,NUM,0,,
ABS:BA_GCCSA(1.0.0),1,1,9,1,TOT,10,2,M,1992-07,2638,NUM,0,,
ABS:BA_GCCSA(1.0.0),1,1,9,1,TOT,10,2,M,1992-08,2359,NUM,0,,
ABS:BA_GCCSA(1.0.0),1,1,9,1,TOT,10,2,M,1992-09,2480,NUM,0,,
ABS:BA_GCCSA(1.0.0),1,1,9,1,TOT,10,2,M,1992-10,2585,NUM,0,,
ABS:BA_GCCSA(1.0.0),1,1,9,1,TOT,10,2,M,1992-11,2589,NUM,0,,
ABS:BA_GCCSA(1.0.0),1,1,9,1,TOT,10,2,M,1992-12,2488,NUM,0,,
ABS:BA_GCCSA(1.0.0),1,1,9,1,TOT,10,2,M,1993-01,2090,NUM,0,,
ABS:BA_GCCSA(1.0.0),1,1,9,1,TOT,10,2,M,1993-02,2336,NUM,0,,
ABS:BA_GCCSA(1.0.0),1,1,9,1,TOT,10,2,M,1993-03,2763,NUM,0,,
ABS:BA_GCCSA(1.0.0),1,1,9,1,TOT,10,2,M,1993-04,2303,NUM,0,,
ABS:BA_GCCSA(1.0.0),1,1,9,1,TOT,10,2,M,1993-05,2481,NUM,0,,
ABS:BA_GCCSA(1.0.0),1,1,9,1,TOT,10,2,M,1993-06,2467,NUM,0,,
ABS:BA_GCCSA(1.0.0),1,1,9,1,TOT,10,2,M,1991-07,2318,NUM,0,,
ABS:BA_GCCSA(1.0.0),1,1,9,1,TOT,10,2,M,1991-08,2011,NUM,0,,
ABS:BA_GCCSA(1.0.0),1,1,9,1,TOT,10,2,M,1991-09,2082,NUM,0,,
ABS:BA_GCCSA(1.0.0),1,1,9,1,TOT,10,2,M,1991-10,2583,NUM,0,,
ABS:BA_GCCSA(1.0.0),1,1,9,1,TOT,10,2,M,1991-11,2049,NUM,0,,
ABS:BA_GCCSA(1.0.0),1,1,9,1,TOT,10,2,M,1991-12,1834,NUM,0,,
ABS:BA_GCCSA(1.0.0),1,1,9,1,TOT,10,2,M,1992-01,1735,NUM,0,,
ABS:BA_GCCSA(1.0.0),1,1,9,1,TOT,10,4,M,1996-07,528,NUM,0,,
ABS:BA_GCCSA(1.0.0),1,1,9,1,TOT,10,4,M,1996-08,543,NUM,0,,
ABS:BA_GCCSA(1.0.0),1,1,9,1,TOT,10,4,M,1996-09,514,NUM,0,,
ABS:BA_GCCSA(1.0.0),1,1,9,1,TOT,10,4,M,1996-10,562,NUM,0,,
ABS:BA_GCCSA(1.0.0),1,1,9,1,TOT,10,4,M,1996-11,487,NUM,0,,
ABS:BA_GCCSA(1.0.0),1,1,9,1,TOT,10,4,M,1996-12,410,NUM,0,,
ABS:BA_GCCSA(1.0.0),1,1,9,1,TOT,10,4,M,1997-01,350,NUM,0,,
ABS:BA_GCCSA(1.0.0),1,1,9,1,TOT,10,4,M,1997-02,469,NUM,0,,
ABS:BA_GCCSA(1.0.0),1,1,9,1,TOT,10,4,M,1997-03,542,NUM,0,,
ABS:BA_GCCSA(1.0.0),1,1,9,1,TOT,10,4,M,1997-04,625,NUM,0,,
ABS:BA_GCCSA(1.0.0),1,1,9,1,TOT,10,4,M,1997-05,614,NUM,0,,
ABS:BA_GCCSA(1.0.0),1,1,9,1,TOT,10,4,M,1997-06,591,NUM,0,,
ABS:BA_GCCSA(1.0.0),1,1,9,1,TOT,10,4,M,1997-07,630,NUM,0,,
ABS:BA_GCCSA(1.0.0),1,1,9,1,TOT,10,4,M,1997-08,567,NUM,0,,
ABS:BA_GCCSA(1.0.0),1,1,9,1,TOT,10,4,M,1997-09,598,NUM,0,,
ABS:BA_GCCSA(1.0.0),1,1,9,1,TOT,10,4,M,1997-10,599,NUM,0,,
ABS:BA_GCCSA(1.0.0),1,1,9,1,TOT,10,4,M,1997-11,550,NUM,0,,
ABS:BA_GCCSA(1.0.0),1,1,9,1,TOT,10,4,M,1997-12,512,NUM,0,,
ABS:BA_GCCSA(1.0.0),1,1,9,1,TOT,10,4,M,1998-01,430,NUM,0,,
ABS:BA_GCCSA(1.0.0),1,1,9,1,TOT,10,4,M,1998-02,598,NUM,0,,
ABS:BA_GCCSA(1.0.0),1,1,9,1,TOT,10,4,M,1998-03,735,NUM,0,,
ABS:BA_GCCSA(1.0.0),1,1,9,1,TOT,10,4,M,1998-04,499,NUM,0,,
ABS:BA_GCCSA(1.0.0),1,1,9,1,TOT,10,4,M,1998-05,601,NUM,0,,
ABS:BA_GCCSA(1.0.0),1,1,9,1,TOT,10,4,M,1998-06,806,NUM,0,,
ABS:BA_GCCSA(1.0.0),1,1,9,1,TOT,10,4,M,1998-07,899,NUM,0,,
ABS:BA_GCCSA(1.0.0),1,1,9,1,TOT,10,4,M,1998-08,632,NUM,0,,
ABS:BA_GCCSA(1.0.0),1,1,9,1,TOT,10,4,M,1998-09,742,NUM,0,,
ABS:BA_GCCSA(1.0.0),1,1,9,1,TOT,10,4,M,1998-10,585,NUM,0,,
ABS:BA_GCCSA(1.0.0),1,1,9,1,TOT,10,4,M,1998-11,602,NUM,0,,
ABS:BA_GCCSA(1.0.0),1,1,9,1,TOT,10,4,M,1998-12,556,NUM,0,,
ABS:BA_GCCSA(1.0.0),1,1,9,1,TOT,10,4,M,1999-01,444,NUM,0,,
ABS:BA_GCCSA(1.0.0),1,1,9,1,TOT,10,4,M,1999-02,604,NUM,0,,
ABS:BA_GCCSA(1.0.0),1,1,9,1,TOT,10,4,M,1999-03,748,NUM,0,,
ABS:BA_GCCSA(1.0.0),1,1,9,1,TOT,10,4,M,1999-04,568,NUM,0,,
ABS:BA_GCCSA(1.0.0),1,1,9,1,TOT,10,4,M,1999-05,681,NUM,0,,
ABS:BA_GCCSA(1.0.0),1,1,9,1,TOT,10,4,M,1999-06,735,NUM,0,,
ABS:BA_GCCSA(1.0.0),1,1,9,1,TOT,10,4,M,1999-07,842,NUM,0,,
ABS:BA_GCCSA(1.0.0),1,1,9,1,TOT,10,4,M,1999-08,782,NUM,0,,
ABS:BA_GCCSA(1.0.0),1,1,9,1,TOT,10,4,M,1999-09,916,NUM,0,,
ABS:BA_GCCSA(1.0.0),1,1,9,1,TOT,10,4,M,1999-10,794,NUM,0,,
ABS:BA_GCCSA(1.0.0),1,1,9,1,TOT,10,4,M,1999-11,999,NUM,0,,
ABS:BA_GCCSA(1.0.0),1,1,9,1,TOT,10,4,M,1999-12,843,NUM,0,,
ABS:BA_GCCSA(1.0.0),1,1,9,1,TOT,10,4,M,2000-01,714,NUM,0,,
ABS:BA_GCCSA(1.0.0),1,1,9,1,TOT,10,4,M,2000-02,1088,NUM,0,,
ABS:BA_GCCSA(1.0.0),1,1,9,1,TOT,10,4,M,2000-03,983,NUM,0,,
ABS:BA_GCCSA(1.0.0),1,1,9,1,TOT,10,4,M,2000-04,646,NUM,0,,
ABS:BA_GCCSA(1.0.0),1,1,9,1,TOT,10,4,M,2000-05,760,NUM,0,,
ABS:BA_GCCSA(1.0.0),1,1,9,1,TOT,10,4,M,2000-06,597,NUM,0,,
ABS:BA_GCCSA(1.0.0),1,1,9,1,TOT,10,4,M,2000-07,709,NUM,0,,
ABS:BA_GCCSA(1.0.0),1,1,9,1,TOT,10,4,M,2000-08,519,NUM,0,,
ABS:BA_GCCSA(1.0.0),1,1,9,1,TOT,10,4,M,2000-09,410,NUM,0,,
ABS:BA_GCCSA(1.0.0),1,1,9,1,TOT,10,4,M,2000-10,513,NUM,0,,
ABS:BA_GCCSA(1.0.0),1,1,9,1,TOT,10,4,M,2000-11,643,NUM,0,,
ABS:BA_GCCSA(1.0.0),1,1,9,1,TOT,10,4,M,2000-12,458,NUM,0,,
ABS:BA_GCCSA(1.0.0),1,1,9,1,TOT,10,4,M,2001-01,432,NUM,0,,
ABS:BA_GCCSA(1.0.0),1,1,9,1,TOT,10,4,M,2001-02,469,NUM,0,,
ABS:BA_GCCSA(1.0.0),1,1,9,1,TOT,10,4,M,2001-03,637,NUM,0,,
ABS:BA_GCCSA(1.0.0),1,1,9,1,TOT,10,4,M,2001-04,513,NUM,0,,
ABS:BA_GCCSA(1.0.0),1,1,9,1,TOT,10,4,M,2001-05,708,NUM,0,,
ABS:BA_GCCSA(1.0.0),1,1,9,1,TOT,10,4,M,2001-06,735,NUM,0,,
ABS:BA_GCCSA(1.0.0),1,1,9,1,TOT,10,4,M,1993-07,1138,NUM,0,,
ABS:BA_GCCSA(1.0.0),1,1,9,1,TOT,10,4,M,1993-08,1188,NUM,0,,
ABS:BA_GCCSA(1.0.0),1,1,9,1,TOT,10,4,M,1993-09,894,NUM,0,,
ABS:BA_GCCSA(1.0.0),1,1,9,1,TOT,10,4,M,1993-10,858,NUM,0,,
ABS:BA_GCCSA(1.0.0),1,1,9,1,TOT,10,4,M,1993-11,1014,NUM,0,,
ABS:BA_GCCSA(1.0.0),1,1,9,1,TOT,10,4,M,1993-12,925,NUM,0,,
ABS:BA_GCCSA(1.0.0),1,1,9,1,TOT,10,4,M,1994-01,732,NUM,0,,
ABS:BA_GCCSA(1.0.0),1,1,9,1,TOT,10,4,M,1994-02,851,NUM,0,,
ABS:BA_GCCSA(1.0.0),1,1,9,1,TOT,10,4,M,1994-03,1031,NUM,0,,
ABS:BA_GCCSA(1.0.0),1,1,9,1,TOT,10,4,M,1994-04,846,NUM,0,,
ABS:BA_GCCSA(1.0.0),1,1,9,1,TOT,10,4,M,1994-05,1103,NUM,0,,
ABS:BA_GCCSA(1.0.0),1,1,9,1,TOT,10,4,M,1994-06,1179,NUM,0,,
ABS:BA_GCCSA(1.0.0),1,1,9,1,TOT,10,4,M,1994-07,955,NUM,0,,
ABS:BA_GCCSA(1.0.0),1,1,9,1,TOT,10,4,M,1994-08,1078,NUM,0,,
ABS:BA_GCCSA(1.0.0),1,1,9,1,TOT,10,4,M,1994-09,1052,NUM,0,,
ABS:BA_GCCSA(1.0.0),1,1,9,1,TOT,10,4,M,1994-10,800,NUM,0,,
ABS:BA_GCCSA(1.0.0),1,1,9,1,TOT,10,4,M,1994-11,1047,NUM,0,,
ABS:BA_GCCSA(1.0.0),1,1,9,1,TOT,10,4,M,1994-12,697,NUM,0,,
ABS:BA_GCCSA(1.0.0),1,1,9,1,TOT,10,4,M,1995-01,773,NUM,0,,
ABS:BA_GCCSA(1.0.0),1,1,9,1,TOT,10,4,M,1995-02,678,NUM,0,,
ABS:BA_GCCSA(1.0.0),1,1,9,1,TOT,10,4,M,1995-03,911,NUM,0,,
ABS:BA_GCCSA(1.0.0),1,1,9,1,TOT,10,4,M,1995-04,476,NUM,0,,
ABS:BA_GCCSA(1.0.0),1,1,9,1,TOT,10,4,M,1995-05,585,NUM,0,,
ABS:BA_GCCSA(1.0.0),1,1,9,1,TOT,10,4,M,1995-06,639,NUM,0,,
ABS:BA_GCCSA(1.0.0),1,1,9,1,TOT,10,4,M,1995-07,573,NUM,0,,
ABS:BA_GCCSA(1.0.0),1,1,9,1,TOT,10,4,M,1995-08,666,NUM,0,,
ABS:BA_GCCSA(1.0.0),1,1,9,1,TOT,10,4,M,1995-09,567,NUM,0,,
ABS:BA_GCCSA(1.0.0),1,1,9,1,TOT,10,4,M,1995-10,518,NUM,0,,
ABS:BA_GCCSA(1.0.0),1,1,9,1,TOT,10,4,M,1995-11,523,NUM,0,,
ABS:BA_GCCSA(1.0.0),1,1,9,1,TOT,10,4,M,1995-12,428,NUM,0,,
ABS:BA_GCCSA(1.0.0),1,1,9,1,TOT,10,4,M,1996-01,353,NUM,0,,
ABS:BA_GCCSA(1.0.0),1,1,9,1,TOT,10,4,M,1996-02,484,NUM,0,,
ABS:BA_GCCSA(1.0.0),1,1,9,1,TOT,10,4,M,1996-03,434,NUM,0,,
ABS:BA_GCCSA(1.0.0),1,1,9,1,TOT,10,4,M,1996-04,430,NUM,0,,
ABS:BA_GCCSA(1.0.0),1,1,9,1,TOT,10,4,M,1996-05,505,NUM,0,,
ABS:BA_GCCSA(1.0.0),1,1,9,1,TOT,10,4,M,1996-06,431,NUM,0,,
ABS:BA_GCCSA(1.0.0),1,1,9,1,TOT,10,4,M,1992-02,712,NUM,0,,
ABS:BA_GCCSA(1.0.0),1,1,9,1,TOT,10,4,M,1992-03,1004,NUM,0,,
ABS:BA_GCCSA(1.0.0),1,1,9,1,TOT,10,4,M,1992-04,957,NUM,0,,
ABS:BA_GCCSA(1.0.0),1,1,9,1,TOT,10,4,M,1992-05,889,NUM,0,,
ABS:BA_GCCSA(1.0.0),1,1,9,1,TOT,10,4,M,1992-06,1175,NUM,0,,
ABS:BA_GCCSA(1.0.0),1,1,9,1,TOT,10,4,M,1992-07,1017,NUM,0,,
ABS:BA_GCCSA(1.0.0),1,1,9,1,TOT,10,4,M,1992-08,1000,NUM,0,,
ABS:BA_GCCSA(1.0.0),1,1,9,1,TOT,10,4,M,1992-09,993,NUM,0,,
ABS:BA_GCCSA(1.0.0),1,1,9,1,TOT,10,4,M,1992-10,982,NUM,0,,
ABS:BA_GCCSA(1.0.0),1,1,9,1,TOT,10,4,M,1992-11,982,NUM,0,,
ABS:BA_GCCSA(1.0.0),1,1,9,1,TOT,10,4,M,1992-12,1146,NUM,0,,
ABS:BA_GCCSA(1.0.0),1,1,9,1,TOT,10,4,M,1993-01,811,NUM,0,,
ABS:BA_GCCSA(1.0.0),1,1,9,1,TOT,10,4,M,1993-02,1081,NUM,0,,
ABS:BA_GCCSA(1.0.0),1,1,9,1,TOT,10,4,M,1993-03,1136,NUM,0,,
ABS:BA_GCCSA(1.0.0),1,1,9,1,TOT,10,4,M,1993-04,1000,NUM,0,,
ABS:BA_GCCSA(1.0.0),1,1,9,1,TOT,10,4,M,1993-05,1059,NUM,0,,
ABS:BA_GCCSA(1.0.0),1,1,9,1,TOT,10,4,M,1993-06,1109,NUM,0,,
ABS:BA_GCCSA(1.0.0),1,1,9,1,TOT,10,4,M,1991-07,1054,NUM,0,,
ABS:BA_GCCSA(1.0.0),1,1,9,1,TOT,10,4,M,1991-08,984,NUM,0,,
ABS:BA_GCCSA(1.0.0),1,1,9,1,TOT,10,4,M,1991-09,918,NUM,0,,
ABS:BA_GCCSA(1.0.0),1,1,9,1,TOT,10,4,M,1991-10,934,NUM,0,,
ABS:BA_GCCSA(1.0.0),1,1,9,1,TOT,10,4,M,1991-11,862,NUM,0,,
ABS:BA_GCCSA(1.0.0),1,1,9,1,TOT,10,4,M,1991-12,813,NUM,0,,
ABS:BA_GCCSA(1.0.0),1,1,9,1,TOT,10,4,M,1992-01,956,NUM,0,,
ABS:BA_GCCSA(1.0.0),1,1,9,1,TOT,10,8,M,1996-08,345,NUM,0,,
ABS:BA_GCCSA(1.0.0),1,1,9,1,TOT,10,8,M,1996-09,126,NUM,0,,
ABS:BA_GCCSA(1.0.0),1,1,9,1,TOT,10,8,M,1996-10,119,NUM,0,,
ABS:BA_GCCSA(1.0.0),1,1,9,1,TOT,10,8,M,1996-11,217,NUM,0,,
ABS:BA_GCCSA(1.0.0),1,1,9,1,TOT,10,8,M,1996-12,80,NUM,0,,
ABS:BA_GCCSA(1.0.0),1,1,9,1,TOT,10,8,M,1997-01,135,NUM,0,,
ABS:BA_GCCSA(1.0.0),1,1,9,1,TOT,10,8,M,1997-02,267,NUM,0,,
ABS:BA_GCCSA(1.0.0),1,1,9,1,TOT,10,8,M,1997-03,122,NUM,0,,
ABS:BA_GCCSA(1.0.0),1,1,9,1,TOT,10,8,M,1997-04,138,NUM,0,,
ABS:BA_GCCSA(1.0.0),1,1,9,1,TOT,10,8,M,1997-05,215,NUM,0,,
ABS:BA_GCCSA(1.0.0),1,1,9,1,TOT,10,8,M,1997-06,54,NUM,0,,
ABS:BA_GCCSA(1.0.0),1,1,9,1,TOT,10,8,M,1997-07,107,NUM,0,,
ABS:BA_GCCSA(1.0.0),1,1,9,1,TOT,10,8,M,1997-08,153,NUM,0,,
ABS:BA_GCCSA(1.0.0),1,1,9,1,TOT,10,8,M,1997-09,83,NUM,0,,
ABS:BA_GCCSA(1.0.0),1,1,9,1,TOT,10,8,M,1997-10,141,NUM,0,,
ABS:BA_GCCSA(1.0.0),1,1,9,1,TOT,10,8,M,1997-11,117,NUM,0,,
ABS:BA_GCCSA(1.0.0),1,1,9,1,TOT,10,8,M,1997-12,94,NUM,0,,
ABS:BA_GCCSA(1.0.0),1,1,9,1,TOT,10,8,M,1998-01,88,NUM,0,,
ABS:BA_GCCSA(1.0.0),1,1,9,1,TOT,10,8,M,1998-02,95,NUM,0,,
ABS:BA_GCCSA(1.0.0),1,1,9,1,TOT,10,8,M,1998-03,104,NUM,0,,
ABS:BA_GCCSA(1.0.0),1,1,9,1,TOT,10,8,M,1998-04,93,NUM,0,,
ABS:BA_GCCSA(1.0.0),1,1,9,1,TOT,10,8,M,1998-05,105,NUM,0,,
ABS:BA_GCCSA(1.0.0),1,1,9,1,TOT,10,8,M,1998-06,215,NUM,0,,
ABS:BA_GCCSA(1.0.0),1,1,9,1,TOT,10,8,M,1998-07,244,NUM,0,,
ABS:BA_GCCSA(1.0.0),1,1,9,1,TOT,10,8,M,1998-08,190,NUM,0,,
ABS:BA_GCCSA(1.0.0),1,1,9,1,TOT,10,8,M,1998-09,101,NUM,0,,
ABS:BA_GCCSA(1.0.0),1,1,9,1,TOT,10,8,M,1998-10,88,NUM,0,,
ABS:BA_GCCSA(1.0.0),1,1,9,1,TOT,10,8,M,1998-11,130,NUM,0,,
ABS:BA_GCCSA(1.0.0),1,1,9,1,TOT,10,8,M,1998-12,156,NUM,0,,
ABS:BA_GCCSA(1.0.0),1,1,9,1,TOT,10,8,M,1999-01,132,NUM,0,,
ABS:BA_GCCSA(1.0.0),1,1,9,1,TOT,10,8,M,1999-02,216,NUM,0,,
ABS:BA_GCCSA(1.0.0),1,1,9,1,TOT,10,8,M,1999-03,178,NUM,0,,
ABS:BA_GCCSA(1.0.0),1,1,9,1,TOT,10,8,M,1999-04,147,NUM,0,,
ABS:BA_GCCSA(1.0.0),1,1,9,1,TOT,10,8,M,1999-05,183,NUM,0,,
ABS:BA_GCCSA(1.0.0),1,1,9,1,TOT,10,8,M,1999-06,176,NUM,0,,
ABS:BA_GCCSA(1.0.0),1,1,9,1,TOT,10,8,M,1999-07,139,NUM,0,,
ABS:BA_GCCSA(1.0.0),1,1,9,1,TOT,10,8,M,1999-08,116,NUM,0,,
ABS:BA_GCCSA(1.0.0),1,1,9,1,TOT,10,8,M,1999-09,359,NUM,0,,
ABS:BA_GCCSA(1.0.0),1,1,9,1,TOT,10,8,M,1999-10,127,NUM,0,,
ABS:BA_GCCSA(1.0.0),1,1,9,1,TOT,10,8,M,1999-11,205,NUM,0,,
ABS:BA_GCCSA(1.0.0),1,1,9,1,TOT,10,8,M,1999-12,136,NUM,0,,
ABS:BA_GCCSA(1.0.0),1,1,9,1,TOT,10,8,M,2000-01,248,NUM,0,,
ABS:BA_GCCSA(1.0.0),1,1,9,1,TOT,10,8,M,2000-02,266,NUM,0,,
ABS:BA_GCCSA(1.0.0),1,1,9,1,TOT,10,8,M,2000-03,171,NUM,0,,
ABS:BA_GCCSA(1.0.0),1,1,9,1,TOT,10,8,M,2000-04,130,NUM,0,,
ABS:BA_GCCSA(1.0.0),1,1,9,1,TOT,10,8,M,2000-05,203,NUM,0,,
ABS:BA_GCCSA(1.0.0),1,1,9,1,TOT,10,8,M,2000-06,204,NUM,0,,
ABS:BA_GCCSA(1.0.0),1,1,9,1,TOT,10,8,M,2000-07,76,NUM,0,,
ABS:BA_GCCSA(1.0.0),1,1,9,1,TOT,10,8,M,2000-08,170,NUM,0,,
ABS:BA_GCCSA(1.0.0),1,1,9,1,TOT,10,8,M,2000-09,131,NUM,0,,
ABS:BA_GCCSA(1.0.0),1,1,9,1,TOT,10,8,M,2000-10,185,NUM,0,,
ABS:BA_GCCSA(1.0.0),1,1,9,1,TOT,10,8,M,2000-11,125,NUM,0,,
ABS:BA_GCCSA(1.0.0),1,1,9,1,TOT,10,8,M,2000-12,97,NUM,0,,
ABS:BA_GCCSA(1.0.0),1,1,9,1,TOT,10,8,M,2001-01,184,NUM,0,,
ABS:BA_GCCSA(1.0.0),1,1,9,1,TOT,10,8,M,2001-02,123,NUM,0,,
ABS:BA_GCCSA(1.0.0),1,1,9,1,TOT,10,8,M,2001-03,66,NUM,0,,
ABS:BA_GCCSA(1.0.0),1,1,9,1,TOT,10,8,M,2001-04,119,NUM,0,,
ABS:BA_GCCSA(1.0.0),1,1,9,1,TOT,10,8,M,2001-05,186,NUM,0,,
ABS:BA_GCCSA(1.0.0),1,1,9,1,TOT,10,8,M,2001-06,285,NUM,0,,
ABS:BA_GCCSA(1.0.0),1,1,9,1,TOT,10,8,M,1993-07,394,NUM,0,,
ABS:BA_GCCSA(1.0.0),1,1,9,1,TOT,10,8,M,1993-08,484,NUM,0,,
ABS:BA_GCCSA(1.0.0),1,1,9,1,TOT,10,8,M,1993-09,263,NUM,0,,
ABS:BA_GCCSA(1.0.0),1,1,9,1,TOT,10,8,M,1993-10,233,NUM,0,,
ABS:BA_GCCSA(1.0.0),1,1,9,1,TOT,10,8,M,1993-11,235,NUM,0,,
ABS:BA_GCCSA(1.0.0),1,1,9,1,TOT,10,8,M,1993-12,265,NUM,0,,
ABS:BA_GCCSA(1.0.0),1,1,9,1,TOT,10,8,M,1994-01,685,NUM,0,,
ABS:BA_GCCSA(1.0.0),1,1,9,1,TOT,10,8,M,1994-02,241,NUM,0,,
ABS:BA_GCCSA(1.0.0),1,1,9,1,TOT,10,8,M,1994-03,358,NUM,0,,
ABS:BA_GCCSA(1.0.0),1,1,9,1,TOT,10,8,M,1994-04,244,NUM,0,,
ABS:BA_GCCSA(1.0.0),1,1,9,1,TOT,10,8,M,1994-05,359,NUM,0,,
ABS:BA_GCCSA(1.0.0),1,1,9,1,TOT,10,8,M,1994-06,299,NUM,0,,
ABS:BA_GCCSA(1.0.0),1,1,9,1,TOT,10,8,M,1994-07,297,NUM,0,,
ABS:BA_GCCSA(1.0.0),1,1,9,1,TOT,10,8,M,1994-08,297,NUM,0,,
ABS:BA_GCCSA(1.0.0),1,1,9,1,TOT,10,8,M,1994-09,264,NUM,0,,
ABS:BA_GCCSA(1.0.0),1,1,9,1,TOT,10,8,M,1994-10,394,NUM,0,,
ABS:BA_GCCSA(1.0.0),1,1,9,1,TOT,10,8,M,1994-11,178,NUM,0,,
ABS:BA_GCCSA(1.0.0),1,1,9,1,TOT,10,8,M,1994-12,113,NUM,0,,
ABS:BA_GCCSA(1.0.0),1,1,9,1,TOT,10,8,M,1995-01,240,NUM,0,,
ABS:BA_GCCSA(1.0.0),1,1,9,1,TOT,10,8,M,1995-02,246,NUM,0,,
ABS:BA_GCCSA(1.0.0),1,1,9,1,TOT,10,8,M,1995-03,146,NUM,0,,
ABS:BA_GCCSA(1.0.0),1,1,9,1,TOT,10,8,M,1995-04,161,NUM,0,,
ABS:BA_GCCSA(1.0.0),1,1,9,1,TOT,10,8,M,1995-05,228,NUM,0,,
ABS:BA_GCCSA(1.0.0),1,1,9,1,TOT,10,8,M,1995-06,153,NUM,0,,
ABS:BA_GCCSA(1.0.0),1,1,9,1,TOT,10,8,M,1995-07,232,NUM,0,,
ABS:BA_GCCSA(1.0.0),1,1,9,1,TOT,10,8,M,1995-08,122,NUM,0,,
ABS:BA_GCCSA(1.0.0),1,1,9,1,TOT,10,8,M,1995-09,180,NUM,0,,
ABS:BA_GCCSA(1.0.0),1,1,9,1,TOT,10,8,M,1995-10,182,NUM,0,,
ABS:BA_GCCSA(1.0.0),1,1,9,1,TOT,10,8,M,1995-11,400,NUM,0,,
ABS:BA_GCCSA(1.0.0),1,1,9,1,TOT,10,8,M,1995-12,80,NUM,0,,
ABS:BA_GCCSA(1.0.0),1,1,9,1,TOT,10,8,M,1996-01,116,NUM,0,,
ABS:BA_GCCSA(1.0.0),1,1,9,1,TOT,10,8,M,1996-02,179,NUM,0,,
ABS:BA_GCCSA(1.0.0),1,1,9,1,TOT,10,8,M,1996-03,143,NUM,0,,
ABS:BA_GCCSA(1.0.0),1,1,9,1,TOT,10,8,M,1996-04,121,NUM,0,,
ABS:BA_GCCSA(1.0.0),1,1,9,1,TOT,10,8,M,1996-05,233,NUM,0,,
ABS:BA_GCCSA(1.0.0),1,1,9,1,TOT,10,8,M,1996-06,77,NUM,0,,
ABS:BA_GCCSA(1.0.0),1,1,9,1,TOT,10,8,M,1996-07,136,NUM,0,,
ABS:BA_GCCSA(1.0.0),1,1,9,1,TOT,10,8,M,1992-02,320,NUM,0,,
ABS:BA_GCCSA(1.0.0),1,1,9,1,TOT,10,8,M,1992-03,407,NUM,0,,
ABS:BA_GCCSA(1.0.0),1,1,9,1,TOT,10,8,M,1992-04,451,NUM,0,,
ABS:BA_GCCSA(1.0.0),1,1,9,1,TOT,10,8,M,1992-05,292,NUM,0,,
ABS:BA_GCCSA(1.0.0),1,1,9,1,TOT,10,8,M,1992-06,445,NUM,0,,
ABS:BA_GCCSA(1.0.0),1,1,9,1,TOT,10,8,M,1992-07,512,NUM,0,,
ABS:BA_GCCSA(1.0.0),1,1,9,1,TOT,10,8,M,1992-08,501,NUM,0,,
ABS:BA_GCCSA(1.0.0),1,1,9,1,TOT,10,8,M,1992-09,420,NUM,0,,
ABS:BA_GCCSA(1.0.0),1,1,9,1,TOT,10,8,M,1992-10,238,NUM,0,,
ABS:BA_GCCSA(1.0.0),1,1,9,1,TOT,10,8,M,1992-11,399,NUM,0,,
ABS:BA_GCCSA(1.0.0),1,1,9,1,TOT,10,8,M,1992-12,235,NUM,0,,
ABS:BA_GCCSA(1.0.0),1,1,9,1,TOT,10,8,M,1993-01,247,NUM,0,,
ABS:BA_GCCSA(1.0.0),1,1,9,1,TOT,10,8,M,1993-02,318,NUM,0,,
ABS:BA_GCCSA(1.0.0),1,1,9,1,TOT,10,8,M,1993-03,327,NUM,0,,
ABS:BA_GCCSA(1.0.0),1,1,9,1,TOT,10,8,M,1993-04,391,NUM,0,,
ABS:BA_GCCSA(1.0.0),1,1,9,1,TOT,10,8,M,1993-05,375,NUM,0,,
ABS:BA_GCCSA(1.0.0),1,1,9,1,TOT,10,8,M,1993-06,377,NUM,0,,
ABS:BA_GCCSA(1.0.0),1,1,9,1,TOT,10,8,M,1991-07,309,NUM,0,,
ABS:BA_GCCSA(1.0.0),1,1,9,1,TOT,10,8,M,1991-08,340,NUM,0,,
ABS:BA_GCCSA(1.0.0),1,1,9,1,TOT,10,8,M,1991-09,190,NUM,0,,
ABS:BA_GCCSA(1.0.0),1,1,9,1,TOT,10,8,M,1991-10,306,NUM,0,,
ABS:BA_GCCSA(1.0.0),1,1,9,1,TOT,10,8,M,1991-11,193,NUM,0,,
ABS:BA_GCCSA(1.0.0),1,1,9,1,TOT,10,8,M,1991-12,256,NUM,0,,
ABS:BA_GCCSA(1.0.0),1,1,9,1,TOT,10,8,M,1992-01,275,NUM,0,,
