DATAFLOW,MEASURE,VALUE,SECTOR,WORK_TYPE,BUILDING_TYPE,TSEST,REGION,FREQ,TIME_PERIOD,OBS_VALUE,UNIT_MEASURE,UNIT_MULT,OBS_STATUS,OBS_COMMENT,MEASURE_NAME,VALUE_NAME,TSEST_NAME,FREQ_NAME,OBS_STATUS_NAME,UNIT_MEASURE_NAME,UNIT_MULT_NAME
ABS:BA_GCCSA(1.0.0),2,1,9,1,TOT,10,1,M,1995-12,393389,AUD,3,,,Hundreds,Total,Original,Monthly,nan,Australian Dollars,Thousands
ABS:BA_GCCSA(1.0.0),2,1,9,1,TOT,10,1,M,1996-01,467663,AUD,3,,,Hundreds,Total,Original,Monthly,nan,Australian Dollars,Thousands
ABS:BA_GCCSA(1.0.0),2,1,9,1,TOT,10,1,M,1996-02,517983,AUD,3,,,Hundreds,Total,Original,Monthly,nan,Australian Dollars,Thousands
ABS:BA_GCCSA(1.0.0),2,1,9,1,TOT,10,1,M,1996-03,457246,AUD,3,,,Hundreds,Total,Original,Monthly,nan,Australian Dollars,Thousands
ABS:BA_GCCSA(1.0.0),2,1,9,1,TOT,10,1,M,1996-04,476653,AUD,3,,,Hundreds,Total,Original,Monthly,nan,Australian Dollars,Thousands
ABS:BA_GCCSA(1.0.0),2,1,9,1,TOT,10,1,M,1996-05,666781,AUD,3,,,Hundreds,Total,Original,Monthly,nan,Australian Dollars,Thousands
ABS:BA_GCCSA(1.0.0),2,1,9,1,TOT,10,1,M,1996-06,506600,AUD,3,,,Hundreds,Total,Original,Monthly,nan,Australian Dollars,Thousands
ABS:BA_GCCSA(1.0.0),2,1,9,1,TOT,10,1,M,1996-07,629712,AUD,3,,,Hundreds,Total,Original,Monthly,nan,Australian Dollars,Thousands
ABS:BA_GCCSA(1.0.0),2,1,9,1,TOT,10,1,M,1996-08,533482,AUD,3,,,Hundreds,Total,Original,Monthly,nan,Australian Dollars,Thousands
ABS:BA_GCCSA(1.0.0),2,1,9,1,TOT,10,1,M,1996-09,578874,AUD,3,,,Hundreds,Total,Original,Monthly,nan,Australian Dollars,Thousands
ABS:BA_GCCSA(1.0.0),2,1,9,1,TOT,10,1,M,1996-10,1003413,AUD,3,,,Hundreds,Total,Original,Monthly,nan,Australian Dollars,Thousands
ABS:BA_GCCSA(1.0.0),2,1,9,1,TOT,10,1,M,1996-11,1190661,AUD,3,,,Hundreds,Total,Original,Monthly,nan,Australian Dollars,Thousands
ABS:BA_GCCSA(1.0.0),2,1,9,1,TOT,10,1,M,1996-12,747361,AUD,3,,,Hundreds,Total,Original,Monthly,nan,Australian Dollars,Thousands
ABS:BA_GCCSA(1.0.0),2,1,9,1,TOT,10,1,M,1997-01,604252,AUD,3,,,Hundreds,Total,Original,Monthly,nan,Australian Dollars,Thousands
ABS:BA_GCCSA(1.0.0),2,1,9,1,TOT,10,1,M,1997-02,510729,AUD,3,,,Hundreds,Total,Original,Monthly,nan,Australian Dollars,Thousands
ABS:BA_GCCSA(1.0.0),2,1,9,1,TOT,10,1,M,1997-03,485280,AUD,3,,,Hundreds,Total,Original,Monthly,nan,Australian Dollars,Thousands
ABS:BA_GCCSA(1.0.0),2,1,9,1,TOT,10,1,M,1997-04,600569,AUD,3,,,Hundreds,Total,Original,Monthly,nan,Australian Dollars,Thousands
ABS:BA_GCCSA(1.0.0),2,1,9,1,TOT,10,1,M,1997-05,712063,AUD,3,,,Hundreds,Total,Original,Monthly,nan,Australian Dollars,Thousands
ABS:BA_GCCSA(1.0.0),2,1,9,1,TOT,10,1,M,1997-06,648976,AUD,3,,,Hundreds,Total,Original,Monthly,nan,Australian Dollars,Thousands
ABS:BA_GCCSA(1.0.0),2,1,9,1,TOT,10,1,M,1997-07,828382,AUD,3,,,Hundreds,Total,Original,Monthly,nan,Australian Dollars,Thousands
ABS:BA_GCCSA(1.0.0),2,1,9,1,TOT,10,1,M,1997-08,1054750,AUD,3,,,Hundreds,Total,Original,Monthly,nan,Australian Dollars,Thousands
ABS:BA_GCCSA(1.0.0),2,1,9,1,TOT,10,1,M,1997-09,765428,AUD,3,,,Hundreds,Total,Original,Monthly,nan,Australian Dollars,Thousands
ABS:BA_GCCSA(1.0.0),2,1,9,1,TOT,10,1,M,1997-10,765424,AUD,3,,,Hundreds,Total,Original,Monthly,nan,Australian Dollars,Thousands
ABS:BA_GCCSA(1.0.0),2,1,9,1,TOT,10,1,M,1997-11,785961,AUD,3,,,Hundreds,Total,Original,Monthly,nan,Australian Dollars,Thousands
ABS:BA_GCCSA(1.0.0),2,1,9,1,TOT,10,1,M,1997-12,671687,AUD,3,,,Hundreds,Total,Original,Monthly,nan,Australian Dollars,Thousands
ABS:BA_GCCSA(1.0.0),2,1,9,1,TOT,10,1,M,1998-01,625601,AUD,3,,,Hundreds,Total,Original,Monthly,nan,Australian Dollars,Thousands
ABS:BA_GCCSA(1.0.0),2,1,9,1,TOT,10,1,M,1998-02,624851,AUD,3,,,Hundreds,Total,Original,Monthly,nan,Australian Dollars,Thousands
ABS:BA_GCCSA(1.0.0),2,1,9,1,TOT,10,1,M,1998-03,766480,AUD,3,,,Hundreds,Total,Original,Monthly,nan,Australian Dollars,Thousands
ABS:BA_GCCSA(1.0.0),2,1,9,1,TOT,10,1,M,1998-04,922937,AUD,3,,,Hundreds,Total,Original,Monthly,nan,Australian Dollars,Thousands
ABS:BA_GCCSA(1.0.0),2,1,9,1,TOT,10,1,M,1998-05,1048473,AUD,3,,,Hundreds,Total,Original,Monthly,nan,Australian Dollars,Thousands
ABS:BA_GCCSA(1.0.0),2,1,9,1,TOT,10,1,M,1998-06,852090,AUD,3,,,Hundreds,Total,Original,Monthly,nan,Australian Dollars,Thousands
ABS:BA_GCCSA(1.0.0),2,1,9,1,TOT,10,1,M,1998-07,866048,AUD,3,,,Hundreds,Total,Original,Monthly,nan,Australian Dollars,Thousands
ABS:BA_GCCSA(1.0.0),2,1,9,1,TOT,10,1,M,1998-08,942778,AUD,3,,,Hundreds,Total,Original,Monthly,nan,Australian Dollars,Thousands
ABS:BA_GCCSA(1.0.0),2,1,9,1,TOT,10,1,M,1998-09,631609,AUD,3,,,Hundreds,Total,Original,Monthly,nan,Australian Dollars,Thousands
ABS:BA_GCCSA(1.0.0),2,1,9,1,TOT,10,1,M,1998-10,699737,AUD,3,,,Hundreds,Total,Original,Monthly,nan,Australian Dollars,Thousands
ABS:BA_GCCSA(1.0.0),2,1,9,1,TOT,10,1,M,1998-11,865059,AUD,3,,,Hundreds,Total,Original,Monthly,nan,Australian Dollars,Thousands
ABS:BA_GCCSA(1.0.0),2,1,9,1,TOT,10,1,M,1998-12,664744,AUD,3,,,Hundreds,Total,Original,Monthly,nan,Australian Dollars,Thousands
ABS:BA_GCCSA(1.0.0),2,1,9,1,TOT,10,1,M,1999-01,538553,AUD,3,,,Hundreds,Total,Original,Monthly,nan,Australian Dollars,Thousands
ABS:BA_GCCSA(1.0.0),2,1,9,1,TOT,10,1,M,1999-02,763518,AUD,3,,,Hundreds,Total,Original,Monthly,nan,Australian Dollars,Thousands
ABS:BA_GCCSA(1.0.0),2,1,9,1,TOT,10,1,M,1999-03,821639,AUD,3,,,Hundreds,Total,Original,Monthly,nan,Australian Dollars,Thousands
ABS:BA_GCCSA(1.0.0),2,1,9,1,TOT,10,1,M,1999-04,600269,AUD,3,,,Hundreds,Total,Original,Monthly,nan,Australian Dollars,Thousands
ABS:BA_GCCSA(1.0.0),2,1,9,1,TOT,10,1,M,1999-05,853880,AUD,3,,,Hundreds,Total,Original,Monthly,nan,Australian Dollars,Thousands
ABS:BA_GCCSA(1.0.0),2,1,9,1,TOT,10,1,M,1999-06,927797,AUD,3,,,Hundreds,Total,Original,Monthly,nan,Australian Dollars,Thousands
ABS:BA_GCCSA(1.0.0),2,1,9,1,TOT,10,1,M,1999-07,954332,AUD,3,,,Hundreds,Total,Original,Monthly,nan,Australian Dollars,Thousands
ABS:BA_GCCSA(1.0.0),2,1,9,1,TOT,10,1,M,1999-08,1050299,AUD,3,,,Hundreds,Total,Original,Monthly,nan,Australian Dollars,Thousands
ABS:BA_GCCSA(1.0.0),2,1,9,1,TOT,10,1,M,1999-09,680127,AUD,3,,,Hundreds,Total,Original,Monthly,nan,Australian Dollars,Thousands
ABS:BA_GCCSA(1.0.0),2,1,9,1,TOT,10,1,M,1999-10,689991,AUD,3,,,Hundreds,Total,Original,Monthly,nan,Australian Dollars,Thousands
ABS:BA_GCCSA(1.0.0),2,1,9,1,TOT,10,1,M,1999-11,746203,AUD,3,,,Hundreds,Total,Original,Monthly,nan,Australian Dollars,Thousands
ABS:BA_GCCSA(1.0.0),2,1,9,1,TOT,10,1,M,1999-12,805604,AUD,3,,,Hundreds,Total,Original,Monthly,nan,Australian Dollars,Thousands
ABS:BA_GCCSA(1.0.0),2,1,9,1,TOT,10,1,M,2000-01,746690,AUD,3,,,Hundreds,Total,Original,Monthly,nan,Australian Dollars,Thousands
ABS:BA_GCCSA(1.0.0),2,1,9,1,TOT,10,1,M,2000-02,793071,AUD,3,,,Hundreds,Total,Original,Monthly,nan,Australian Dollars,Thousands
ABS:BA_GCCSA(1.0.0),2,1,9,1,TOT,10,1,M,2000-03,875042,AUD,3,,,Hundreds,Total,Original,Monthly,nan,Australian Dollars,Thousands
ABS:BA_GCCSA(1.0.0),2,1,9,1,TOT,10,1,M,2000-04,832438,AUD,3,,,Hundreds,Total,Original,Monthly,nan,Australian Dollars,Thousands
ABS:BA_GCCSA(1.0.0),2,1,9,1,TOT,10,1,M,2000-05,767959,AUD,3,,,Hundreds,Total,Original,Monthly,nan,Australian Dollars,Thousands
ABS:BA_GCCSA(1.0.0),2,1,9,1,TOT,10,1,M,2000-06,643493,AUD,3,,,Hundreds,Total,Original,Monthly,nan,Australian Dollars,Thousands
ABS:BA_GCCSA(1.0.0),2,1,9,1,TOT,10,1,M,2000-07,487508,AUD,3,,,Hundreds,Total,Original,Monthly,nan,Australian Dollars,Thousands
ABS:BA_GCCSA(1.0.0),2,1,9,1,TOT,10,1,M,2000-08,576754,AUD,3,,,Hundreds,Total,Original,Monthly,nan,Australian Dollars,Thousands
ABS:BA_GCCSA(1.0.0),2,1,9,1,TOT,10,1,M,2000-09,569806,AUD,3,,,Hundreds,Total,Original,Monthly,nan,Australian Dollars,Thousands
ABS:BA_GCCSA(1.0.0),2,1,9,1,TOT,10,1,M,2000-10,688263,AUD,3,,,Hundreds,Total,Original,Monthly,nan,Australian Dollars,Thousands
ABS:BA_GCCSA(1.0.0),2,1,9,1,TOT,10,1,M,2000-11,679496,AUD,3,,,Hundreds,Total,Original,Monthly,nan,Australian Dollars,Thousands
ABS:BA_GCCSA(1.0.0),2,1,9,1,TOT,10,1,M,2000-12,460902,AUD,3,,,Hundreds,Total,Original,Monthly,nan,Australian Dollars,Thousands
ABS:BA_GCCSA(1.0.0),2,1,9,1,TOT,10,1,M,2001-01,644785,AUD,3,,,Hundreds,Total,Original,Monthly,nan,Australian Dollars,Thousands
ABS:BA_GCCSA(1.0.0),2,1,9,1,TOT,10,1,M,2001-02,618724,AUD,3,,,Hundreds,Total,Original,Monthly,nan,Australian Dollars,Thousands
ABS:BA_GCCSA(1.0.0),2,1,9,1,TOT,10,1,M,2001-03,481994,AUD,3,,,Hundreds,Total,Original,Monthly,nan,Australian Dollars,Thousands
ABS:BA_GCCSA(1.0.0),2,1,9,1,TOT,10,1,M,2001-04,495377,AUD,3,,,Hundreds,Total,Original,Monthly,nan,Australian Dollars,Thousands
ABS:BA_GCCSA(1.0.0),2,1,9,1,TOT,10,1,M,2001-05,701706,AUD,3,,,Hundreds,Total,Original,Monthly,nan,Australian Dollars,Thousands
ABS:BA_GCCSA(1.0.0),2,1,9,1,TOT,10,1,M,2001-06,685073,AUD,3,,,Hundreds,Total,Original,Monthly,nan,Australian Dollars,Thousands
ABS:BA_GCCSA(1.0.0),2,1,9,1,TOT,10,1,M,1993-04,492626,AUD,3,,,Hundreds,Total,Original,Monthly,nan,Australian Dollars,Thousands
ABS:BA_GCCSA(1.0.0),2,1,9,1,TOT,10,1,M,1993-05,474559,AUD,3,,,Hundreds,Total,Original,Monthly,nan,Australian Dollars,Thousands
ABS:BA_GCCSA(1.0.0),2,1,9,1,TOT,10,1,M,1993-06,486541,AUD,3,,,Hundreds,Total,Original,Monthly,nan,Australian Dollars,Thousands
ABS:BA_GCCSA(1.0.0),2,1,9,1,TOT,10,1,M,1993-07,519377,AUD,3,,,Hundreds,Total,Original,Monthly,nan,Australian Dollars,Thousands
ABS:BA_GCCSA(1.0.0),2,1,9,1,TOT,10,1,M,1993-08,512548,AUD,3,,,Hundreds,Total,Original,Monthly,nan,Australian Dollars,Thousands
ABS:BA_GCCSA(1.0.0),2,1,9,1,TOT,10,1,M,1993-09,569215,AUD,3,,,Hundreds,Total,Original,Monthly,nan,Australian Dollars,Thousands
ABS:BA_GCCSA(1.0.0),2,1,9,1,TOT,10,1,M,1993-10,491366,AUD,3,,,Hundreds,Total,Original,Monthly,nan,Australian Dollars,Thousands
ABS:BA_GCCSA(1.0.0),2,1,9,1,TOT,10,1,M,1993-11,558234,AUD,3,,,Hundreds,Total,Original,Monthly,nan,Australian Dollars,Thousands
ABS:BA_GCCSA(1.0.0),2,1,9,1,TOT,10,1,M,1993-12,446536,AUD,3,,,Hundreds,Total,Original,Monthly,nan,Australian Dollars,Thousands
ABS:BA_GCCSA(1.0.0),2,1,9,1,TOT,10,1,M,1994-01,521007,AUD,3,,,Hundreds,Total,Original,Monthly,nan,Australian Dollars,Thousands
ABS:BA_GCCSA(1.0.0),2,1,9,1,TOT,10,1,M,1994-02,457474,AUD,3,,,Hundreds,Total,Original,Monthly,nan,Australian Dollars,Thousands
ABS:BA_GCCSA(1.0.0),2,1,9,1,TOT,10,1,M,1994-03,476757,AUD,3,,,Hundreds,Total,Original,Monthly,nan,Australian Dollars,Thousands
ABS:BA_GCCSA(1.0.0),2,1,9,1,TOT,10,1,M,1994-04,528705,AUD,3,,,Hundreds,Total,Original,Monthly,nan,Australian Dollars,Thousands
ABS:BA_GCCSA(1.0.0),2,1,9,1,TOT,10,1,M,1994-05,568688,AUD,3,,,Hundreds,Total,Original,Monthly,nan,Australian Dollars,Thousands
ABS:BA_GCCSA(1.0.0),2,1,9,1,TOT,10,1,M,1994-06,643733,AUD,3,,,Hundreds,Total,Original,Monthly,nan,Australian Dollars,Thousands
ABS:BA_GCCSA(1.0.0),2,1,9,1,TOT,10,1,M,1994-07,538595,AUD,3,,,Hundreds,Total,Original,Monthly,nan,Australian Dollars,Thousands
ABS:BA_GCCSA(1.0.0),2,1,9,1,TOT,10,1,M,1994-08,854343,AUD,3,,,Hundreds,Total,Original,Monthly,nan,Australian Dollars,Thousands
ABS:BA_GCCSA(1.0.0),2,1,9,1,TOT,10,1,M,1994-09,689737,AUD,3,,,Hundreds,Total,Original,Monthly,nan,Australian Dollars,Thousands
ABS:BA_GCCSA(1.0.0),2,1,9,1,TOT,10,1,M,1994-10,523554,AUD,3,,,Hundreds,Total,Original,Monthly,nan,Australian Dollars,Thousands
ABS:BA_GCCSA(1.0.0),2,1,9,1,TOT,10,1,M,1994-11,557677,AUD,3,,,Hundreds,Total,Original,Monthly,nan,Australian Dollars,Thousands
ABS:BA_GCCSA(1.0.0),2,1,9,1,TOT,10,1,M,1994-12,494480,AUD,3,,,Hundreds,Total,Original,Monthly,nan,Australian Dollars,Thousands
ABS:BA_GCCSA(1.0.0),2,1,9,1,TOT,10,1,M,1995-01,466917,AUD,3,,,Hundreds,Total,Original,Monthly,nan,Australian Dollars,Thousands
ABS:BA_GCCSA(1.0.0),2,1,9,1,TOT,10,1,M,1995-02,600716,AUD,3,,,Hundreds,Total,Original,Monthly,nan,Australian Dollars,Thousands
ABS:BA_GCCSA(1.0.0),2,1,9,1,TOT,10,1,M,1995-03,581091,AUD,3,,,Hundreds,Total,Original,Monthly,nan,Australian Dollars,Thousands
ABS:BA_GCCSA(1.0.0),2,1,9,1,TOT,10,1,M,1995-04,956899,AUD,3,,,Hundreds,Total,Original,Monthly,nan,Australian Dollars,Thousands
ABS:BA_GCCSA(1.0.0),2,1,9,1,TOT,10,1,M,1995-05,694940,AUD,3,,,Hundreds,Total,Original,Monthly,nan,Australian Dollars,Thousands
ABS:BA_GCCSA(1.0.0),2,1,9,1,TOT,10,1,M,1995-06,475379,AUD,3,,,Hundreds,Total,Original,Monthly,nan,Australian Dollars,Thousands
ABS:BA_GCCSA(1.0.0),2,1,9,1,TOT,10,1,M,1995-07,689125,AUD,3,,,Hundreds,Total,Original,Monthly,nan,Australian Dollars,Thousands
ABS:BA_GCCSA(1.0.0),2,1,9,1,TOT,10,1,M,1995-08,654115,AUD,3,,,Hundreds,Total,Original,Monthly,nan,Australian Dollars,Thousands
ABS:BA_GCCSA(1.0.0),2,1,9,1,TOT,10,1,M,1995-09,525062,AUD,3,,,Hundreds,Total,Original,Monthly,nan,Australian Dollars,Thousands
ABS:BA_GCCSA(1.0.0),2,1,9,1,TOT,10,1,M,1995-10,626616,AUD,3,,,Hundreds,Total,Original,Monthly,nan,Australian Dollars,Thousands
ABS:BA_GCCSA(1.0.0),2,1,9,1,TOT,10,1,M,1995-11,593817,AUD,3,,,Hundreds,Total,Original,Monthly,nan,Australian Dollars,Thousands
ABS:BA_GCCSA(1.0.0),2,1,9,1,TOT,10,1,M,1992-01,526176,AUD,3,,,Hundreds,Total,Original,Monthly,nan,Australian Dollars,Thousands
ABS:BA_GCCSA(1.0.0),2,1,9,1,TOT,10,1,M,1992-02,332758,AUD,3,,,Hundreds,Total,Original,Monthly,nan,Australian Dollars,Thousands
ABS:BA_GCCSA(1.0.0),2,1,9,1,TOT,10,1,M,1992-03,467307,AUD,3,,,Hundreds,Total,Original,Monthly,nan,Australian Dollars,Thousands
ABS:BA_GCCSA(1.0.0),2,1,9,1,TOT,10,1,M,1992-04,403650,AUD,3,,,Hundreds,Total,Original,Monthly,nan,Australian Dollars,Thousands
ABS:BA_GCCSA(1.0.0),2,1,9,1,TOT,10,1,M,1992-05,574364,AUD,3,,,Hundreds,Total,Original,Monthly,nan,Australian Dollars,Thousands
ABS:BA_GCCSA(1.0.0),2,1,9,1,TOT,10,1,M,1992-06,500316,AUD,3,,,Hundreds,Total,Original,Monthly,nan,Australian Dollars,Thousands
ABS:BA_GCCSA(1.0.0),2,1,9,1,TOT,10,1,M,1992-07,481912,AUD,3,,,Hundreds,Total,Original,Monthly,nan,Australian Dollars,Thousands
ABS:BA_GCCSA(1.0.0),2,1,9,1,TOT,10,1,M,1992-08,383705,AUD,3,,,Hundreds,Total,Original,Monthly,nan,Australian Dollars,Thousands
ABS:BA_GCCSA(1.0.0),2,1,9,1,TOT,10,1,M,1992-09,481125,AUD,3,,,Hundreds,Total,Original,Monthly,nan,Australian Dollars,Thousands
ABS:BA_GCCSA(1.0.0),2,1,9,1,TOT,10,1,M,1992-10,739960,AUD,3,,,Hundreds,Total,Original,Monthly,nan,Australian Dollars,Thousands
ABS:BA_GCCSA(1.0.0),2,1,9,1,TOT,10,1,M,1992-11,623809,AUD,3,,,Hundreds,Total,Original,Monthly,nan,Australian Dollars,Thousands
ABS:BA_GCCSA(1.0.0),2,1,9,1,TOT,10,1,M,1992-12,626993,AUD,3,,,Hundreds,Total,Original,Monthly,nan,Australian Dollars,Thousands
ABS:BA_GCCSA(1.0.0),2,1,9,1,TOT,10,1,M,1993-01,833163,AUD,3,,,Hundreds,Total,Original,Monthly,nan,Australian Dollars,Thousands
ABS:BA_GCCSA(1.0.0),2,1,9,1,TOT,10,1,M,1993-02,452775,AUD,3,,,Hundreds,Total,Original,Monthly,nan,Australian Dollars,Thousands
ABS:BA_GCCSA(1.0.0),2,1,9,1,TOT,10,1,M,1993-03,535821,AUD,3,,,Hundreds,Total,Original,Monthly,nan,Australian Dollars,Thousands
ABS:BA_GCCSA(1.0.0),2,1,9,1,TOT,10,1,M,1991-07,470671,AUD,3,,,Hundreds,Total,Original,Monthly,nan,Australian Dollars,Thousands
ABS:BA_GCCSA(1.0.0),2,1,9,1,TOT,10,1,M,1991-08,469038,AUD,3,,,Hundreds,Total,Original,Monthly,nan,Australian Dollars,Thousands
ABS:BA_GCCSA(1.0.0),2,1,9,1,TOT,10,1,M,1991-09,444025,AUD,3,,,Hundreds,Total,Original,Monthly,nan,Australian Dollars,Thousands
ABS:BA_GCCSA(1.0.0),2,1,9,1,TOT,10,1,M,1991-10,413282,AUD,3,,,Hundreds,Total,Original,Monthly,nan,Australian Dollars,Thousands
ABS:BA_GCCSA(1.0.0),2,1,9,1,TOT,10,1,M,1991-11,429903,AUD,3,,,Hundreds,Total,Original,Monthly,nan,Australian Dollars,Thousands
ABS:BA_GCCSA(1.0.0),2,1,9,1,TOT,10,1,M,1991-12,391692,AUD,3,,,Hundreds,Total,Original,Monthly,nan,Australian Dollars,Thousands
ABS:BA_GCCSA(1.0.0),2,1,9,1,TOT,10,2,M,1995-12,263332,AUD,3,,,Hundreds,Total,Original,Monthly,nan,Australian Dollars,Thousands
ABS:BA_GCCSA(1.0.0),2,1,9,1,TOT,10,2,M,1996-01,264460,AUD,3,,,Hundreds,Total,Original,Monthly,nan,Australian Dollars,Thousands
ABS:BA_GCCSA(1.0.0),2,1,9,1,TOT,10,2,M,1996-02,346083,AUD,3,,,Hundreds,Total,Original,Monthly,nan,Australian Dollars,Thousands
ABS:BA_GCCSA(1.0.0),2,1,9,1,TOT,10,2,M,1996-03,288241,AUD,3,,,Hundreds,Total,Original,Monthly,nan,Australian Dollars,Thousands
ABS:BA_GCCSA(1.0.0),2,1,9,1,TOT,10,2,M,1996-04,278213,AUD,3,,,Hundreds,Total,Original,Monthly,nan,Australian Dollars,Thousands
ABS:BA_GCCSA(1.0.0),2,1,9,1,TOT,10,2,M,1996-05,332363,AUD,3,,,Hundreds,Total,Original,Monthly,nan,Australian Dollars,Thousands
ABS:BA_GCCSA(1.0.0),2,1,9,1,TOT,10,2,M,1996-06,266982,AUD,3,,,Hundreds,Total,Original,Monthly,nan,Australian Dollars,Thousands
ABS:BA_GCCSA(1.0.0),2,1,9,1,TOT,10,2,M,1996-07,294907,AUD,3,,,Hundreds,Total,Original,Monthly,nan,Australian Dollars,Thousands
ABS:BA_GCCSA(1.0.0),2,1,9,1,TOT,10,2,M,1996-08,372781,AUD,3,,,Hundreds,Total,Original,Monthly,nan,Australian Dollars,Thousands
ABS:BA_GCCSA(1.0.0),2,1,9,1,TOT,10,2,M,1996-09,295464,AUD,3,,,Hundreds,Total,Original,Monthly,nan,Australian Dollars,Thousands
ABS:BA_GCCSA(1.0.0),2,1,9,1,TOT,10,2,M,1996-10,347595,AUD,3,,,Hundreds,Total,Original,Monthly,nan,Australian Dollars,Thousands
ABS:BA_GCCSA(1.0.0),2,1,9,1,TOT,10,2,M,1996-11,399418,AUD,3,,,Hundreds,Total,Original,Monthly,nan,Australian Dollars,Thousands
ABS:BA_GCCSA(1.0.0),2,1,9,1,TOT,10,2,M,1996-12,346188,AUD,3,,,Hundreds,Total,Original,Monthly,nan,Australian Dollars,Thousands
ABS:BA_GCCSA(1.0.0),2,1,9,1,TOT,10,2,M,1997-01,362843,AUD,3,,,Hundreds,Total,Original,Monthly,nan,Australian Dollars,Thousands
ABS:BA_GCCSA(1.0.0),2,1,9,1,TOT,10,2,M,1997-02,473560,AUD,3,,,Hundreds,Total,Original,Monthly,nan,Australian Dollars,Thousands
ABS:BA_GCCSA(1.0.0),2,1,9,1,TOT,10,2,M,1997-03,409696,AUD,3,,,Hundreds,Total,Original,Monthly,nan,Australian Dollars,Thousands
ABS:BA_GCCSA(1.0.0),2,1,9,1,TOT,10,2,M,1997-04,442366,AUD,3,,,Hundreds,Total,Original,Monthly,nan,Australian Dollars,Thousands
ABS:BA_GCCSA(1.0.0),2,1,9,1,TOT,10,2,M,1997-05,389540,AUD,3,,,Hundreds,Total,Original,Monthly,nan,Australian Dollars,Thousands
ABS:BA_GCCSA(1.0.0),2,1,9,1,TOT,10,2,M,1997-06,477411,AUD,3,,,Hundreds,Total,Original,Monthly,nan,Australian Dollars,Thousands
ABS:BA_GCCSA(1.0.0),2,1,9,1,TOT,10,2,M,1997-07,435253,AUD,3,,,Hundreds,Total,Original,Monthly,nan,Australian Dollars,Thousands
ABS:BA_GCCSA(1.0.0),2,1,9,1,TOT,10,2,M,1997-08,444207,AUD,3,,,Hundreds,Total,Original,Monthly,nan,Australian Dollars,Thousands
ABS:BA_GCCSA(1.0.0),2,1,9,1,TOT,10,2,M,1997-09,425369,AUD,3,,,Hundreds,Total,Original,Monthly,nan,Australian Dollars,Thousands
ABS:BA_GCCSA(1.0.0),2,1,9,1,TOT,10,2,M,1997-10,396751,AUD,3,,,Hundreds,Total,Original,Monthly,nan,Australian Dollars,Thousands
ABS:BA_GCCSA(1.0.0),2,1,9,1,TOT,10,2,M,1997-11,520137,AUD,3,,,Hundreds,Total,Original,Monthly,nan,Australian Dollars,Thousands
ABS:BA_GCCSA(1.0.0),2,1,9,1,TOT,10,2,M,1997-12,730131,AUD,3,,,Hundreds,Total,Original,Monthly,nan,Australian Dollars,Thousands
ABS:BA_GCCSA(1.0.0),2,1,9,1,TOT,10,2,M,1998-01,433487,AUD,3,,,Hundreds,Total,Original,Monthly,nan,Australian Dollars,Thousands
ABS:BA_GCCSA(1.0.0),2,1,9,1,TOT,10,2,M,1998-02,405790,AUD,3,,,Hundreds,Total,Original,Monthly,nan,Australian Dollars,Thousands
ABS:BA_GCCSA(1.0.0),2,1,9,1,TOT,10,2,M,1998-03,457216,AUD,3,,,Hundreds,Total,Original,Monthly,nan,Australian Dollars,Thousands
ABS:BA_GCCSA(1.0.0),2,1,9,1,TOT,10,2,M,1998-04,560039,AUD,3,,,Hundreds,Total,Original,Monthly,nan,Australian Dollars,Thousands
ABS:BA_GCCSA(1.0.0),2,1,9,1,TOT,10,2,M,1998-05,555337,AUD,3,,,Hundreds,Total,Original,Monthly,nan,Australian Dollars,Thousands
ABS:BA_GCCSA(1.0.0),2,1,9,1,TOT,10,2,M,1998-06,495555,AUD,3,,,Hundreds,Total,Original,Monthly,nan,Australian Dollars,Thousands
ABS:BA_GCCSA(1.0.0),2,1,9,1,TOT,10,2,M,1998-07,419088,AUD,3,,,Hundreds,Total,Original,Monthly,nan,Australian Dollars,Thousands
ABS:BA_GCCSA(1.0.0),2,1,9,1,TOT,10,2,M,1998-08,636100,AUD,3,,,Hundreds,Total,Original,Monthly,nan,Australian Dollars,Thousands
ABS:BA_GCCSA(1.0.0),2,1,9,1,TOT,10,2,M,1998-09,544386,AUD,3,,,Hundreds,Total,Original,Monthly,nan,Australian Dollars,Thousands
ABS:BA_GCCSA(1.0.0),2,1,9,1,TOT,10,2,M,1998-10,765436,AUD,3,,,Hundreds,Total,Original,Monthly,nan,Australian Dollars,Thousands
ABS:BA_GCCSA(1.0.0),2,1,9,1,TOT,10,2,M,1998-11,506201,AUD,3,,,Hundreds,Total,Original,Monthly,nan,Australian Dollars,Thousands
ABS:BA_GCCSA(1.0.0),2,1,9,1,TOT,10,2,M,1998-12,460148,AUD,3,,,Hundreds,Total,Original,Monthly,nan,Australian Dollars,Thousands
ABS:BA_GCCSA(1.0.0),2,1,9,1,TOT,10,2,M,1999-01,404332,AUD,3,,,Hundreds,Total,Original,Monthly,nan,Australian Dollars,Thousands
ABS:BA_GCCSA(1.0.0),2,1,9,1,TOT,10,2,M,1999-02,580469,AUD,3,,,Hundreds,Total,Original,Monthly,nan,Australian Dollars,Thousands
ABS:BA_GCCSA(1.0.0),2,1,9,1,TOT,10,2,M,1999-03,567404,AUD,3,,,Hundreds,Total,Original,Monthly,nan,Australian Dollars,Thousands
ABS:BA_GCCSA(1.0.0),2,1,9,1,TOT,10,2,M,1999-04,479611,AUD,3,,,Hundreds,Total,Original,Monthly,nan,Australian Dollars,Thousands
ABS:BA_GCCSA(1.0.0),2,1,9,1,TOT,10,2,M,1999-05,574666,AUD,3,,,Hundreds,Total,Original,Monthly,nan,Australian Dollars,Thousands
ABS:BA_GCCSA(1.0.0),2,1,9,1,TOT,10,2,M,1999-06,515403,AUD,3,,,Hundreds,Total,Original,Monthly,nan,Australian Dollars,Thousands
ABS:BA_GCCSA(1.0.0),2,1,9,1,TOT,10,2,M,1999-07,592318,AUD,3,,,Hundreds,Total,Original,Monthly,nan,Australian Dollars,Thousands
ABS:BA_GCCSA(1.0.0),2,1,9,1,TOT,10,2,M,1999-08,769402,AUD,3,,,Hundreds,Total,Original,Monthly,nan,Australian Dollars,Thousands
ABS:BA_GCCSA(1.0.0),2,1,9,1,TOT,10,2,M,1999-09,634489,AUD,3,,,Hundreds,Total,Original,Monthly,nan,Australian Dollars,Thousands
ABS:BA_GCCSA(1.0.0),2,1,9,1,TOT,10,2,M,1999-10,608958,AUD,3,,,Hundreds,Total,Original,Monthly,nan,Australian Dollars,Thousands
ABS:BA_GCCSA(1.0.0),2,1,9,1,TOT,10,2,M,1999-11,670139,AUD,3,,,Hundreds,Total,Original,Monthly,nan,Australian Dollars,Thousands
ABS:BA_GCCSA(1.0.0),2,1,9,1,TOT,10,2,M,1999-12,722885,AUD,3,,,Hundreds,Total,Original,Monthly,nan,Australian Dollars,Thousands
ABS:BA_GCCSA(1.0.0),2,1,9,1,TOT,10,2,M,2000-01,759328,AUD,3,,,Hundreds,Total,Original,Monthly,nan,Australian Dollars,Thousands
ABS:BA_GCCSA(1.0.0),2,1,9,1,TOT,10,2,M,2000-02,798635,AUD,3,,,Hundreds,Total,Original,Monthly,nan,Australian Dollars,Thousands
ABS:BA_GCCSA(1.0.0),2,1,9,1,TOT,10,2,M,2000-03,783457,AUD,3,,,Hundreds,Total,Original,Monthly,nan,Australian Dollars,Thousands
ABS:BA_GCCSA(1.0.0),2,1,9,1,TOT,10,2,M,2000-04,647328,AUD,3,,,Hundreds,Total,Original,Monthly,nan,Australian Dollars,Thousands
ABS:BA_GCCSA(1.0.0),2,1,9,1,TOT,10,2,M,2000-05,587636,AUD,3,,,Hundreds,Total,Original,Monthly,nan,Australian Dollars,Thousands
ABS:BA_GCCSA(1.0.0),2,1,9,1,TOT,10,2,M,2000-06,586641,AUD,3,,,Hundreds,Total,Original,Monthly,nan,Australian Dollars,Thousands
ABS:BA_GCCSA(1.0.0),2,1,9,1,TOT,10,2,M,2000-07,918180,AUD,3,,,Hundreds,Total,Original,Monthly,nan,Australian Dollars,Thousands
ABS:BA_GCCSA(1.0.0),2,1,9,1,TOT,10,2,M,2000-08,498202,AUD,3,,,Hundreds,Total,Original,Monthly,nan,Australian Dollars,Thousands
ABS:BA_GCCSA(1.0.0),2,1,9,1,TOT,10,2,M,2000-09,487498,AUD,3,,,Hundreds,Total,Original,Monthly,nan,Australian Dollars,Thousands
ABS:BA_GCCSA(1.0.0),2,1,9,1,TOT,10,2,M,2000-10,390040,AUD,3,,,Hundreds,Total,Original,Monthly,nan,Australian Dollars,Thousands
ABS:BA_GCCSA(1.0.0),2,1,9,1,TOT,10,2,M,2000-11,596194,AUD,3,,,Hundreds,Total,Original,Monthly,nan,Australian Dollars,Thousands
ABS:BA_GCCSA(1.0.0),2,1,9,1,TOT,10,2,M,2000-12,667564,AUD,3,,,Hundreds,Total,Original,Monthly,nan,Australian Dollars,Thousands
ABS:BA_GCCSA(1.0.0),2,1,9,1,TOT,10,2,M,2001-01,527621,AUD,3,,,Hundreds,Total,Original,Monthly,nan,Australian Dollars,Thousands
ABS:BA_GCCSA(1.0.0),2,1,9,1,TOT,10,2,M,2001-02,573943,AUD,3,,,Hundreds,Total,Original,Monthly,nan,Australian Dollars,Thousands
ABS:BA_GCCSA(1.0.0),2,1,9,1,TOT,10,2,M,2001-03,684265,AUD,3,,,Hundreds,Total,Original,Monthly,nan,Australian Dollars,Thousands
ABS:BA_GCCSA(1.0.0),2,1,9,1,TOT,10,2,M,2001-04,571023,AUD,3,,,Hundreds,Total,Original,Monthly,nan,Australian Dollars,Thousands
ABS:BA_GCCSA(1.0.0),2,1,9,1,TOT,10,2,M,2001-05,794961,AUD,3,,,Hundreds,Total,Original,Monthly,nan,Australian Dollars,Thousands
ABS:BA_GCCSA(1.0.0),2,1,9,1,TOT,10,2,M,2001-06,579567,AUD,3,,,Hundreds,Total,Original,Monthly,nan,Australian Dollars,Thousands
ABS:BA_GCCSA(1.0.0),2,1,9,1,TOT,10,2,M,1993-04,238035,AUD,3,,,Hundreds,Total,Original,Monthly,nan,Australian Dollars,Thousands
ABS:BA_GCCSA(1.0.0),2,1,9,1,TOT,10,2,M,1993-05,266697,AUD,3,,,Hundreds,Total,Original,Monthly,nan,Australian Dollars,Thousands
ABS:BA_GCCSA(1.0.0),2,1,9,1,TOT,10,2,M,1993-06,321098,AUD,3,,,Hundreds,Total,Original,Monthly,nan,Australian Dollars,Thousands
ABS:BA_GCCSA(1.0.0),2,1,9,1,TOT,10,2,M,1993-07,277592,AUD,3,,,Hundreds,Total,Original,Monthly,nan,Australian Dollars,Thousands
ABS:BA_GCCSA(1.0.0),2,1,9,1,TOT,10,2,M,1993-08,465875,AUD,3,,,Hundreds,Total,Original,Monthly,nan,Australian Dollars,Thousands
ABS:BA_GCCSA(1.0.0),2,1,9,1,TOT,10,2,M,1993-09,313380,AUD,3,,,Hundreds,Total,Original,Monthly,nan,Australian Dollars,Thousands
ABS:BA_GCCSA(1.0.0),2,1,9,1,TOT,10,2,M,1993-10,355283,AUD,3,,,Hundreds,Total,Original,Monthly,nan,Australian Dollars,Thousands
ABS:BA_GCCSA(1.0.0),2,1,9,1,TOT,10,2,M,1993-11,305560,AUD,3,,,Hundreds,Total,Original,Monthly,nan,Australian Dollars,Thousands
ABS:BA_GCCSA(1.0.0),2,1,9,1,TOT,10,2,M,1993-12,291851,AUD,3,,,Hundreds,Total,Original,Monthly,nan,Australian Dollars,Thousands
ABS:BA_GCCSA(1.0.0),2,1,9,1,TOT,10,2,M,1994-01,245535,AUD,3,,,Hundreds,Total,Original,Monthly,nan,Australian Dollars,Thousands
ABS:BA_GCCSA(1.0.0),2,1,9,1,TOT,10,2,M,1994-02,388097,AUD,3,,,Hundreds,Total,Original,Monthly,nan,Australian Dollars,Thousands
ABS:BA_GCCSA(1.0.0),2,1,9,1,TOT,10,2,M,1994-03,395806,AUD,3,,,Hundreds,Total,Original,Monthly,nan,Australian Dollars,Thousands
ABS:BA_GCCSA(1.0.0),2,1,9,1,TOT,10,2,M,1994-04,348546,AUD,3,,,Hundreds,Total,Original,Monthly,nan,Australian Dollars,Thousands
ABS:BA_GCCSA(1.0.0),2,1,9,1,TOT,10,2,M,1994-05,374422,AUD,3,,,Hundreds,Total,Original,Monthly,nan,Australian Dollars,Thousands
ABS:BA_GCCSA(1.0.0),2,1,9,1,TOT,10,2,M,1994-06,798615,AUD,3,,,Hundreds,Total,Original,Monthly,nan,Australian Dollars,Thousands
ABS:BA_GCCSA(1.0.0),2,1,9,1,TOT,10,2,M,1994-07,288715,AUD,3,,,Hundreds,Total,Original,Monthly,nan,Australian Dollars,Thousands
ABS:BA_GCCSA(1.0.0),2,1,9,1,TOT,10,2,M,1994-08,331423,AUD,3,,,Hundreds,Total,Original,Monthly,nan,Australian Dollars,Thousands
ABS:BA_GCCSA(1.0.0),2,1,9,1,TOT,10,2,M,1994-09,323198,AUD,3,,,Hundreds,Total,Original,Monthly,nan,Australian Dollars,Thousands
ABS:BA_GCCSA(1.0.0),2,1,9,1,TOT,10,2,M,1994-10,471186,AUD,3,,,Hundreds,Total,Original,Monthly,nan,Australian Dollars,Thousands
ABS:BA_GCCSA(1.0.0),2,1,9,1,TOT,10,2,M,1994-11,326785,AUD,3,,,Hundreds,Total,Original,Monthly,nan,Australian Dollars,Thousands
ABS:BA_GCCSA(1.0.0),2,1,9,1,TOT,10,2,M,1994-12,331174,AUD,3,,,Hundreds,Total,Original,Monthly,nan,Australian Dollars,Thousands
ABS:BA_GCCSA(1.0.0),2,1,9,1,TOT,10,2,M,1995-01,242513,AUD,3,,,Hundreds,Total,Original,Monthly,nan,Australian Dollars,Thousands
ABS:BA_GCCSA(1.0.0),2,1,9,1,TOT,10,2,M,1995-02,323670,AUD,3,,,Hundreds,Total,Original,Monthly,nan,Australian Dollars,Thousands
ABS:BA_GCCSA(1.0.0),2,1,9,1,TOT,10,2,M,1995-03,249436,AUD,3,,,Hundreds,Total,Original,Monthly,nan,Australian Dollars,Thousands
ABS:BA_GCCSA(1.0.0),2,1,9,1,TOT,10,2,M,1995-04,232390,AUD,3,,,Hundreds,Total,Original,Monthly,nan,Australian Dollars,Thousands
ABS:BA_GCCSA(1.0.0),2,1,9,1,TOT,10,2,M,1995-05,360661,AUD,3,,,Hundreds,Total,Original,Monthly,nan,Australian Dollars,Thousands
ABS:BA_GCCSA(1.0.0),2,1,9,1,TOT,10,2,M,1995-06,311122,AUD,3,,,Hundreds,Total,Original,Monthly,nan,Australian Dollars,Thousands
ABS:BA_GCCSA(1.0.0),2,1,9,1,TOT,10,2,M,1995-07,261547,AUD,3,,,Hundreds,Total,Original,Monthly,nan,Australian Dollars,Thousands
ABS:BA_GCCSA(1.0.0),2,1,9,1,TOT,10,2,M,1995-08,281503,AUD,3,,,Hundreds,Total,Original,Monthly,nan,Australian Dollars,Thousands
ABS:BA_GCCSA(1.0.0),2,1,9,1,TOT,10,2,M,1995-09,326556,AUD,3,,,Hundreds,Total,Original,Monthly,nan,Australian Dollars,Thousands
ABS:BA_GCCSA(1.0.0),2,1,9,1,TOT,10,2,M,1995-10,404949,AUD,3,,,Hundreds,Total,Original,Monthly,nan,Australian Dollars,Thousands
ABS:BA_GCCSA(1.0.0),2,1,9,1,TOT,10,2,M,1995-11,337229,AUD,3,,,Hundreds,Total,Original,Monthly,nan,Australian Dollars,Thousands
ABS:BA_GCCSA(1.0.0),2,1,9,1,TOT,10,2,M,1992-01,234864,AUD,3,,,Hundreds,Total,Original,Monthly,nan,Australian Dollars,Thousands
ABS:BA_GCCSA(1.0.0),2,1,9,1,TOT,10,2,M,1992-02,203901,AUD,3,,,Hundreds,Total,Original,Monthly,nan,Australian Dollars,Thousands
ABS:BA_GCCSA(1.0.0),2,1,9,1,TOT,10,2,M,1992-03,267490,AUD,3,,,Hundreds,Total,Original,Monthly,nan,Australian Dollars,Thousands
ABS:BA_GCCSA(1.0.0),2,1,9,1,TOT,10,2,M,1992-04,240676,AUD,3,,,Hundreds,Total,Original,Monthly,nan,Australian Dollars,Thousands
ABS:BA_GCCSA(1.0.0),2,1,9,1,TOT,10,2,M,1992-05,231095,AUD,3,,,Hundreds,Total,Original,Monthly,nan,Australian Dollars,Thousands
ABS:BA_GCCSA(1.0.0),2,1,9,1,TOT,10,2,M,1992-06,235073,AUD,3,,,Hundreds,Total,Original,Monthly,nan,Australian Dollars,Thousands
ABS:BA_GCCSA(1.0.0),2,1,9,1,TOT,10,2,M,1992-07,264550,AUD,3,,,Hundreds,Total,Original,Monthly,nan,Australian Dollars,Thousands
ABS:BA_GCCSA(1.0.0),2,1,9,1,TOT,10,2,M,1992-08,272374,AUD,3,,,Hundreds,Total,Original,Monthly,nan,Australian Dollars,Thousands
ABS:BA_GCCSA(1.0.0),2,1,9,1,TOT,10,2,M,1992-09,263732,AUD,3,,,Hundreds,Total,Original,Monthly,nan,Australian Dollars,Thousands
ABS:BA_GCCSA(1.0.0),2,1,9,1,TOT,10,2,M,1992-10,256884,AUD,3,,,Hundreds,Total,Original,Monthly,nan,Australian Dollars,Thousands
ABS:BA_GCCSA(1.0.0),2,1,9,1,TOT,10,2,M,1992-11,262849,AUD,3,,,Hundreds,Total,Original,Monthly,nan,Australian Dollars,Thousands
ABS:BA_GCCSA(1.0.0),2,1,9,1,TOT,10,2,M,1992-12,273981,AUD,3,,,Hundreds,Total,Original,Monthly,nan,Australian Dollars,Thousands
ABS:BA_GCCSA(1.0.0),2,1,9,1,TOT,10,2,M,1993-01,228378,AUD,3,,,Hundreds,Total,Original,Monthly,nan,Australian Dollars,Thousands
ABS:BA_GCCSA(1.0.0),2,1,9,1,TOT,10,2,M,1993-02,239871,AUD,3,,,Hundreds,Total,Original,Monthly,nan,Australian Dollars,Thousands
ABS:BA_GCCSA(1.0.0),2,1,9,1,TOT,10,2,M,1993-03,314465,AUD,3,,,Hundreds,Total,Original,Monthly,nan,Australian Dollars,Thousands
ABS:BA_GCCSA(1.0.0),2,1,9,1,TOT,10,2,M,1991-07,362873,AUD,3,,,Hundreds,Total,Original,Monthly,nan,Australian Dollars,Thousands
ABS:BA_GCCSA(1.0.0),2,1,9,1,TOT,10,2,M,1991-08,191028,AUD,3,,,Hundreds,Total,Original,Monthly,nan,Australian Dollars,Thousands
ABS:BA_GCCSA(1.0.0),2,1,9,1,TOT,10,2,M,1991-09,207221,AUD,3,,,Hundreds,Total,Original,Monthly,nan,Australian Dollars,Thousands
ABS:BA_GCCSA(1.0.0),2,1,9,1,TOT,10,2,M,1991-10,267545,AUD,3,,,Hundreds,Total,Original,Monthly,nan,Australian Dollars,Thousands
ABS:BA_GCCSA(1.0.0),2,1,9,1,TOT,10,2,M,1991-11,216941,AUD,3,,,Hundreds,Total,Original,Monthly,nan,Australian Dollars,Thousands
ABS:BA_GCCSA(1.0.0),2,1,9,1,TOT,10,2,M,1991-12,219523,AUD,3,,,Hundreds,Total,Original,Monthly,nan,Australian Dollars,Thousands
